section_name,date_scraped,start_hour,end_hour,reserved
PADEL PATIO 1,2025-05-01,5:00,5:30,True
PADEL PATIO 1,2025-05-01,5:30,6:00,True
PADEL PATIO 1,2025-05-01,6:00,6:30,True
PADEL PATIO 1,2025-05-01,6:30,7:00,True
PADEL PATIO 1,2025-05-01,7:00,7:30,True
PADEL PATIO 1,2025-05-01,7:30,8:00,True
PADEL PATIO 1,2025-05-01,8:00,8:30,True
PADEL PATIO 1,2025-05-01,8:30,9:00,True
PADEL PATIO 1,2025-05-01,9:00,9:30,True
PADEL PATIO 1,2025-05-01,9:30,10:00,True
PADEL PATIO 1,2025-05-01,10:00,10:30,True
PADEL PATIO 1,2025-05-01,10:30,11:00,True
PADEL PATIO 1,2025-05-01,11:00,11:30,True
PADEL PATIO 1,2025-05-01,11:30,12:00,True
PADEL PATIO 1,2025-05-01,12:00,12:30,True
PADEL PATIO 1,2025-05-01,12:30,13:00,True
PADEL PATIO 1,2025-05-01,13:00,13:30,True
PADEL PATIO 1,2025-05-01,13:30,14:00,True
PADEL PATIO 1,2025-05-01,14:00,14:30,True
PADEL PATIO 1,2025-05-01,14:30,15:00,True
PADEL PATIO 1,2025-05-01,15:00,15:30,True
PADEL PATIO 1,2025-05-01,15:30,16:00,True
PADEL PATIO 1,2025-05-01,16:00,16:30,True
PADEL PATIO 1,2025-05-01,16:30,17:00,True
PADEL PATIO 1,2025-05-01,17:00,17:30,True
PADEL PATIO 1,2025-05-01,17:30,18:00,True
PADEL PATIO 1,2025-05-01,18:00,18:30,True
PADEL PATIO 1,2025-05-01,18:30,19:00,True
PADEL PATIO 1,2025-05-01,19:00,19:30,True
PADEL PATIO 1,2025-05-01,19:30,20:00,True
PADEL PATIO 1,2025-05-01,20:00,20:30,True
PADEL PATIO 1,2025-05-01,20:30,21:00,True
PADEL PATIO 1,2025-05-01,21:00,21:30,True
PADEL PATIO 1,2025-05-01,21:30,22:00,True
PADEL PATIO 1,2025-05-01,22:00,22:30,True
PADEL PATIO 1,2025-05-01,22:30,23:00,True
PADEL PATIO 1,2025-05-01,23:00,23:30,True
PADEL PATIO 1,2025-05-01,23:30,24:00,True
PADEL PATIO 2,2025-05-01,5:00,5:30,True
PADEL PATIO 2,2025-05-01,5:30,6:00,True
PADEL PATIO 2,2025-05-01,6:00,6:30,True
PADEL PATIO 2,2025-05-01,6:30,7:00,True
PADEL PATIO 2,2025-05-01,7:00,7:30,True
PADEL PATIO 2,2025-05-01,7:30,8:00,True
PADEL PATIO 2,2025-05-01,8:00,8:30,True
PADEL PATIO 2,2025-05-01,8:30,9:00,True
PADEL PATIO 2,2025-05-01,9:00,9:30,True
PADEL PATIO 2,2025-05-01,9:30,10:00,True
PADEL PATIO 2,2025-05-01,10:00,10:30,True
PADEL PATIO 2,2025-05-01,10:30,11:00,True
PADEL PATIO 2,2025-05-01,11:00,11:30,True
PADEL PATIO 2,2025-05-01,11:30,12:00,True
PADEL PATIO 2,2025-05-01,12:00,12:30,True
PADEL PATIO 2,2025-05-01,12:30,13:00,True
PADEL PATIO 2,2025-05-01,13:00,13:30,True
PADEL PATIO 2,2025-05-01,13:30,14:00,True
PADEL PATIO 2,2025-05-01,14:00,14:30,True
PADEL PATIO 2,2025-05-01,14:30,15:00,True
PADEL PATIO 2,2025-05-01,15:00,15:30,True
PADEL PATIO 2,2025-05-01,15:30,16:00,True
PADEL PATIO 2,2025-05-01,16:00,16:30,True
PADEL PATIO 2,2025-05-01,16:30,17:00,True
PADEL PATIO 2,2025-05-01,17:00,17:30,True
PADEL PATIO 2,2025-05-01,17:30,18:00,True
PADEL PATIO 2,2025-05-01,18:00,18:30,True
PADEL PATIO 2,2025-05-01,18:30,19:00,True
PADEL PATIO 2,2025-05-01,19:00,19:30,True
PADEL PATIO 2,2025-05-01,19:30,20:00,True
PADEL PATIO 2,2025-05-01,20:00,20:30,True
PADEL PATIO 2,2025-05-01,20:30,21:00,True
PADEL PATIO 2,2025-05-01,21:00,21:30,True
PADEL PATIO 2,2025-05-01,21:30,22:00,True
PADEL PATIO 2,2025-05-01,22:00,22:30,True
PADEL PATIO 2,2025-05-01,22:30,23:00,True
PADEL PATIO 2,2025-05-01,23:00,23:30,True
PADEL PATIO 3,2025-05-01,5:00,5:30,True
PADEL PATIO 3,2025-05-01,5:30,6:00,True
PADEL PATIO 3,2025-05-01,6:00,6:30,True
PADEL PATIO 3,2025-05-01,6:30,7:00,True
PADEL PATIO 3,2025-05-01,7:00,7:30,True
PADEL PATIO 3,2025-05-01,7:30,8:00,True
PADEL PATIO 3,2025-05-01,8:00,8:30,True
PADEL PATIO 3,2025-05-01,8:30,9:00,True
PADEL PATIO 3,2025-05-01,9:00,9:30,True
PADEL PATIO 3,2025-05-01,9:30,10:00,True
PADEL PATIO 3,2025-05-01,10:00,10:30,True
PADEL PATIO 3,2025-05-01,10:30,11:00,True
PADEL PATIO 3,2025-05-01,11:00,11:30,True
PADEL PATIO 3,2025-05-01,11:30,12:00,True
PADEL PATIO 3,2025-05-01,12:00,12:30,True
PADEL PATIO 3,2025-05-01,12:30,13:00,True
PADEL PATIO 3,2025-05-01,13:00,13:30,True
PADEL PATIO 3,2025-05-01,13:30,14:00,True
PADEL PATIO 3,2025-05-01,14:00,14:30,True
PADEL PATIO 3,2025-05-01,14:30,15:00,True
PADEL PATIO 3,2025-05-01,15:00,15:30,True
PADEL PATIO 3,2025-05-01,15:30,16:00,True
PADEL PATIO 3,2025-05-01,16:00,16:30,True
PADEL PATIO 3,2025-05-01,16:30,17:00,True
PADEL PATIO 3,2025-05-01,17:00,17:30,True
PADEL PATIO 3,2025-05-01,17:30,18:00,True
PADEL PATIO 3,2025-05-01,18:00,18:30,True
PADEL PATIO 3,2025-05-01,18:30,19:00,True
PADEL PATIO 3,2025-05-01,19:00,19:30,True
PADEL PATIO 3,2025-05-01,19:30,20:00,True
PADEL PATIO 3,2025-05-01,20:00,20:30,True
PADEL PATIO 3,2025-05-01,20:30,21:00,True
PADEL PATIO 3,2025-05-01,21:00,21:30,True
PADEL PATIO 3,2025-05-01,21:30,22:00,True
PADEL PATIO 3,2025-05-01,22:00,22:30,True
PADEL PATIO 3,2025-05-01,22:30,23:00,True
PADEL PATIO 3,2025-05-01,23:00,23:30,True
Z MÁQUINA DE BOLAS PATIO (100 BOLAS INCLUIDAS),2025-05-01,5:00,5:30,True
Z MÁQUINA DE BOLAS PATIO (100 BOLAS INCLUIDAS),2025-05-01,5:30,6:00,True
Z MÁQUINA DE BOLAS PATIO (100 BOLAS INCLUIDAS),2025-05-01,6:00,6:30,True
Z MÁQUINA DE BOLAS PATIO (100 BOLAS INCLUIDAS),2025-05-01,6:30,7:00,True
Z MÁQUINA DE BOLAS PATIO (100 BOLAS INCLUIDAS),2025-05-01,7:00,7:30,True
Z MÁQUINA DE BOLAS PATIO (100 BOLAS INCLUIDAS),2025-05-01,7:30,8:00,True
Z MÁQUINA DE BOLAS PATIO (100 BOLAS INCLUIDAS),2025-05-01,8:00,8:30,True
Z MÁQUINA DE BOLAS PATIO (100 BOLAS INCLUIDAS),2025-05-01,8:30,9:00,True
Z MÁQUINA DE BOLAS PATIO (100 BOLAS INCLUIDAS),2025-05-01,9:00,9:30,True
Z MÁQUINA DE BOLAS PATIO (100 BOLAS INCLUIDAS),2025-05-01,9:30,10:00,True
Z MÁQUINA DE BOLAS PATIO (100 BOLAS INCLUIDAS),2025-05-01,10:00,10:30,True
Z MÁQUINA DE BOLAS PATIO (100 BOLAS INCLUIDAS),2025-05-01,10:30,11:00,True
Z MÁQUINA DE BOLAS PATIO (100 BOLAS INCLUIDAS),2025-05-01,11:00,11:30,True
Z MÁQUINA DE BOLAS PATIO (100 BOLAS INCLUIDAS),2025-05-01,11:30,12:00,True
Z MÁQUINA DE BOLAS PATIO (100 BOLAS INCLUIDAS),2025-05-01,12:00,12:30,True
Z MÁQUINA DE BOLAS PATIO (100 BOLAS INCLUIDAS),2025-05-01,12:30,13:00,True
Z MÁQUINA DE BOLAS PATIO (100 BOLAS INCLUIDAS),2025-05-01,13:00,13:30,True
Z MÁQUINA DE BOLAS PATIO (100 BOLAS INCLUIDAS),2025-05-01,13:30,14:00,True
Z MÁQUINA DE BOLAS PATIO (100 BOLAS INCLUIDAS),2025-05-01,14:00,14:30,True
Z MÁQUINA DE BOLAS PATIO (100 BOLAS INCLUIDAS),2025-05-01,14:30,15:00,True
Z MÁQUINA DE BOLAS PATIO (100 BOLAS INCLUIDAS),2025-05-01,15:00,15:30,True
Z MÁQUINA DE BOLAS PATIO (100 BOLAS INCLUIDAS),2025-05-01,15:30,16:00,True
Z MÁQUINA DE BOLAS PATIO (100 BOLAS INCLUIDAS),2025-05-01,16:00,16:30,True
Z MÁQUINA DE BOLAS PATIO (100 BOLAS INCLUIDAS),2025-05-01,16:30,17:00,True
Z MÁQUINA DE BOLAS PATIO (100 BOLAS INCLUIDAS),2025-05-01,17:00,17:30,True
Z MÁQUINA DE BOLAS PATIO (100 BOLAS INCLUIDAS),2025-05-01,17:30,18:00,True
Z MÁQUINA DE BOLAS PATIO (100 BOLAS INCLUIDAS),2025-05-01,18:00,18:30,True
Z MÁQUINA DE BOLAS PATIO (100 BOLAS INCLUIDAS),2025-05-01,18:30,19:00,True
Z MÁQUINA DE BOLAS PATIO (100 BOLAS INCLUIDAS),2025-05-01,19:00,19:30,True
Z MÁQUINA DE BOLAS PATIO (100 BOLAS INCLUIDAS),2025-05-01,19:30,20:00,True
Z MÁQUINA DE BOLAS PATIO (100 BOLAS INCLUIDAS),2025-05-01,20:00,20:30,True
Z MÁQUINA DE BOLAS PATIO (100 BOLAS INCLUIDAS),2025-05-01,20:30,21:00,True
Z MÁQUINA DE BOLAS PATIO (100 BOLAS INCLUIDAS),2025-05-01,21:00,21:30,True
Z MÁQUINA DE BOLAS PATIO (100 BOLAS INCLUIDAS),2025-05-01,21:30,22:00,True
Z MÁQUINA DE BOLAS PATIO (100 BOLAS INCLUIDAS),2025-05-01,22:00,22:30,True
Z MÁQUINA DE BOLAS PATIO (100 BOLAS INCLUIDAS),2025-05-01,22:30,23:00,True
Z MÁQUINA DE BOLAS PATIO (100 BOLAS INCLUIDAS),2025-05-01,23:00,23:30,True
PADEL PATIO 1,2025-05-02,5:00,06:00,False
PADEL PATIO 1,2025-05-02,6:00,07:00,False
PADEL PATIO 1,2025-05-02,07:00,07:30,True
PADEL PATIO 1,2025-05-02,07:30,08:00,True
PADEL PATIO 1,2025-05-02,08:00,08:30,True
PADEL PATIO 1,2025-05-02,08:30,09:00,True
PADEL PATIO 1,2025-05-02,9:00,10:00,False
PADEL PATIO 1,2025-05-02,10:00,11:00,False
PADEL PATIO 1,2025-05-02,11:00,12:00,False
PADEL PATIO 1,2025-05-02,12:00,13:00,False
PADEL PATIO 1,2025-05-02,13:00,14:00,False
PADEL PATIO 1,2025-05-02,14:00,15:00,False
PADEL PATIO 1,2025-05-02,15:00,16:00,False
PADEL PATIO 1,2025-05-02,16:00,17:00,False
PADEL PATIO 1,2025-05-02,17:00,17:30,True
PADEL PATIO 1,2025-05-02,17:30,18:00,True
PADEL PATIO 1,2025-05-02,18:00,18:30,True
PADEL PATIO 1,2025-05-02,18:30,19:00,True
PADEL PATIO 1,2025-05-02,19:00,19:30,True
PADEL PATIO 1,2025-05-02,19:30,20:00,True
PADEL PATIO 1,2025-05-02,20:00,20:30,True
PADEL PATIO 1,2025-05-02,20:30,21:00,True
PADEL PATIO 1,2025-05-02,21:00,21:30,True
PADEL PATIO 1,2025-05-02,21:30,22:00,True
PADEL PATIO 1,2025-05-02,22:00,23:00,False
PADEL PATIO 1,2025-05-02,23:00,0:00,False
PADEL PATIO 2,2025-05-02,5:00,06:00,False
PADEL PATIO 2,2025-05-02,06:00,06:30,True
PADEL PATIO 2,2025-05-02,06:30,07:00,True
PADEL PATIO 2,2025-05-02,07:00,07:30,True
PADEL PATIO 2,2025-05-02,07:30,08:00,True
PADEL PATIO 2,2025-05-02,8:00,09:00,False
PADEL PATIO 2,2025-05-02,9:00,10:00,False
PADEL PATIO 2,2025-05-02,10:00,11:00,False
PADEL PATIO 2,2025-05-02,11:00,11:30,True
PADEL PATIO 2,2025-05-02,11:30,12:00,True
PADEL PATIO 2,2025-05-02,12:00,12:30,True
PADEL PATIO 2,2025-05-02,12:30,13:00,True
PADEL PATIO 2,2025-05-02,13:00,13:30,True
PADEL PATIO 2,2025-05-02,13:30,14:00,True
PADEL PATIO 2,2025-05-02,14:00,15:00,False
PADEL PATIO 2,2025-05-02,15:00,16:00,False
PADEL PATIO 2,2025-05-02,16:00,17:00,False
PADEL PATIO 2,2025-05-02,17:00,18:00,False
PADEL PATIO 2,2025-05-02,18:00,19:00,False
PADEL PATIO 2,2025-05-02,19:00,20:00,False
PADEL PATIO 2,2025-05-02,20:00,21:00,False
PADEL PATIO 2,2025-05-02,21:00,21:30,True
PADEL PATIO 2,2025-05-02,21:30,22:00,True
PADEL PATIO 2,2025-05-02,22:00,22:30,True
PADEL PATIO 2,2025-05-02,22:30,23:00,True
PADEL PATIO 2,2025-05-02,23:00,0:00,False
PADEL PATIO 3,2025-05-02,5:00,06:00,False
PADEL PATIO 3,2025-05-02,06:00,06:30,True
PADEL PATIO 3,2025-05-02,06:30,07:00,True
PADEL PATIO 3,2025-05-02,07:00,07:30,True
PADEL PATIO 3,2025-05-02,07:30,08:00,True
PADEL PATIO 3,2025-05-02,08:00,08:30,True
PADEL PATIO 3,2025-05-02,08:30,09:00,True
PADEL PATIO 3,2025-05-02,9:00,10:00,False
PADEL PATIO 3,2025-05-02,10:00,11:00,False
PADEL PATIO 3,2025-05-02,11:00,12:00,False
PADEL PATIO 3,2025-05-02,12:00,13:00,False
PADEL PATIO 3,2025-05-02,13:00,14:00,False
PADEL PATIO 3,2025-05-02,14:00,14:30,True
PADEL PATIO 3,2025-05-02,14:30,15:00,True
PADEL PATIO 3,2025-05-02,15:00,15:30,True
PADEL PATIO 3,2025-05-02,15:30,16:00,True
PADEL PATIO 3,2025-05-02,16:00,16:30,True
PADEL PATIO 3,2025-05-02,16:30,17:00,True
PADEL PATIO 3,2025-05-02,17:00,18:00,False
PADEL PATIO 3,2025-05-02,18:00,18:30,True
PADEL PATIO 3,2025-05-02,18:30,19:00,True
PADEL PATIO 3,2025-05-02,19:00,19:30,True
PADEL PATIO 3,2025-05-02,19:30,20:00,True
PADEL PATIO 3,2025-05-02,20:00,20:30,True
PADEL PATIO 3,2025-05-02,20:30,21:00,True
PADEL PATIO 3,2025-05-02,21:00,21:30,True
PADEL PATIO 3,2025-05-02,21:30,22:00,True
PADEL PATIO 3,2025-05-02,22:00,22:30,True
PADEL PATIO 3,2025-05-02,22:30,23:00,True
PADEL PATIO 3,2025-05-02,23:00,0:00,False
Z MÁQUINA DE BOLAS PATIO (100 BOLAS INCLUIDAS),2025-05-02,5:00,06:00,False
Z MÁQUINA DE BOLAS PATIO (100 BOLAS INCLUIDAS),2025-05-02,6:00,07:00,False
Z MÁQUINA DE BOLAS PATIO (100 BOLAS INCLUIDAS),2025-05-02,7:00,08:00,False
Z MÁQUINA DE BOLAS PATIO (100 BOLAS INCLUIDAS),2025-05-02,8:00,09:00,False
Z MÁQUINA DE BOLAS PATIO (100 BOLAS INCLUIDAS),2025-05-02,9:00,10:00,False
Z MÁQUINA DE BOLAS PATIO (100 BOLAS INCLUIDAS),2025-05-02,10:00,11:00,False
Z MÁQUINA DE BOLAS PATIO (100 BOLAS INCLUIDAS),2025-05-02,11:00,12:00,False
Z MÁQUINA DE BOLAS PATIO (100 BOLAS INCLUIDAS),2025-05-02,12:00,13:00,False
Z MÁQUINA DE BOLAS PATIO (100 BOLAS INCLUIDAS),2025-05-02,13:00,14:00,False
Z MÁQUINA DE BOLAS PATIO (100 BOLAS INCLUIDAS),2025-05-02,14:00,15:00,False
Z MÁQUINA DE BOLAS PATIO (100 BOLAS INCLUIDAS),2025-05-02,15:00,16:00,False
Z MÁQUINA DE BOLAS PATIO (100 BOLAS INCLUIDAS),2025-05-02,16:00,17:00,False
Z MÁQUINA DE BOLAS PATIO (100 BOLAS INCLUIDAS),2025-05-02,17:00,18:00,False
Z MÁQUINA DE BOLAS PATIO (100 BOLAS INCLUIDAS),2025-05-02,18:00,19:00,False
Z MÁQUINA DE BOLAS PATIO (100 BOLAS INCLUIDAS),2025-05-02,19:00,20:00,False
Z MÁQUINA DE BOLAS PATIO (100 BOLAS INCLUIDAS),2025-05-02,20:00,21:00,False
Z MÁQUINA DE BOLAS PATIO (100 BOLAS INCLUIDAS),2025-05-02,21:00,22:00,False
Z MÁQUINA DE BOLAS PATIO (100 BOLAS INCLUIDAS),2025-05-02,22:00,23:00,False
Z MÁQUINA DE BOLAS PATIO (100 BOLAS INCLUIDAS),2025-05-02,23:00,0:00,False
PADEL PATIO 1,2025-05-03,5:00,06:00,False
PADEL PATIO 1,2025-05-03,6:00,07:00,False
PADEL PATIO 1,2025-05-03,07:00,07:30,True
PADEL PATIO 1,2025-05-03,07:30,08:00,True
PADEL PATIO 1,2025-05-03,08:00,08:30,True
PADEL PATIO 1,2025-05-03,08:30,09:00,True
PADEL PATIO 1,2025-05-03,09:00,09:30,True
PADEL PATIO 1,2025-05-03,09:30,10:00,True
PADEL PATIO 1,2025-05-03,10:00,11:00,False
PADEL PATIO 1,2025-05-03,11:00,12:00,False
PADEL PATIO 1,2025-05-03,12:00,13:00,False
PADEL PATIO 1,2025-05-03,13:00,14:00,False
PADEL PATIO 1,2025-05-03,14:00,15:00,False
PADEL PATIO 1,2025-05-03,15:00,16:00,False
PADEL PATIO 1,2025-05-03,16:00,17:00,False
PADEL PATIO 1,2025-05-03,17:00,18:00,False
PADEL PATIO 1,2025-05-03,18:00,19:00,False
PADEL PATIO 1,2025-05-03,19:00,20:00,False
PADEL PATIO 1,2025-05-03,20:00,21:00,False
PADEL PATIO 1,2025-05-03,21:00,22:00,False
PADEL PATIO 1,2025-05-03,22:00,23:00,False
PADEL PATIO 1,2025-05-03,23:00,0:00,False
PADEL PATIO 2,2025-05-03,5:00,06:00,False
PADEL PATIO 2,2025-05-03,06:00,06:30,True
PADEL PATIO 2,2025-05-03,06:30,07:00,True
PADEL PATIO 2,2025-05-03,07:00,07:30,True
PADEL PATIO 2,2025-05-03,07:30,08:00,True
PADEL PATIO 2,2025-05-03,08:00,08:30,True
PADEL PATIO 2,2025-05-03,08:30,09:00,True
PADEL PATIO 2,2025-05-03,09:00,09:30,True
PADEL PATIO 2,2025-05-03,09:30,10:00,True
PADEL PATIO 2,2025-05-03,10:00,10:30,True
PADEL PATIO 2,2025-05-03,10:30,11:00,True
PADEL PATIO 2,2025-05-03,11:00,11:30,True
PADEL PATIO 2,2025-05-03,11:30,12:00,True
PADEL PATIO 2,2025-05-03,12:00,12:30,True
PADEL PATIO 2,2025-05-03,12:30,13:00,True
PADEL PATIO 2,2025-05-03,13:00,14:00,False
PADEL PATIO 2,2025-05-03,14:00,14:30,True
PADEL PATIO 2,2025-05-03,14:30,15:00,True
PADEL PATIO 2,2025-05-03,15:00,15:30,True
PADEL PATIO 2,2025-05-03,15:30,16:00,True
PADEL PATIO 2,2025-05-03,16:00,17:00,False
PADEL PATIO 2,2025-05-03,17:00,18:00,False
PADEL PATIO 2,2025-05-03,18:00,19:00,False
PADEL PATIO 2,2025-05-03,19:00,20:00,False
PADEL PATIO 2,2025-05-03,20:00,21:00,False
PADEL PATIO 2,2025-05-03,21:00,22:00,False
PADEL PATIO 2,2025-05-03,22:00,23:00,False
PADEL PATIO 2,2025-05-03,23:00,0:00,False
PADEL PATIO 3,2025-05-03,5:00,06:00,False
PADEL PATIO 3,2025-05-03,6:00,07:00,False
PADEL PATIO 3,2025-05-03,07:00,07:30,True
PADEL PATIO 3,2025-05-03,07:30,08:00,True
PADEL PATIO 3,2025-05-03,08:00,08:30,True
PADEL PATIO 3,2025-05-03,08:30,09:00,True
PADEL PATIO 3,2025-05-03,9:00,10:00,False
PADEL PATIO 3,2025-05-03,10:00,11:00,False
PADEL PATIO 3,2025-05-03,11:00,12:00,False
PADEL PATIO 3,2025-05-03,12:00,13:00,False
PADEL PATIO 3,2025-05-03,13:00,14:00,False
PADEL PATIO 3,2025-05-03,14:00,14:30,True
PADEL PATIO 3,2025-05-03,14:30,15:00,True
PADEL PATIO 3,2025-05-03,15:00,15:30,True
PADEL PATIO 3,2025-05-03,15:30,16:00,True
PADEL PATIO 3,2025-05-03,16:00,16:30,True
PADEL PATIO 3,2025-05-03,16:30,17:00,True
PADEL PATIO 3,2025-05-03,17:00,17:30,True
PADEL PATIO 3,2025-05-03,17:30,18:00,True
PADEL PATIO 3,2025-05-03,18:00,19:00,False
PADEL PATIO 3,2025-05-03,19:00,20:00,False
PADEL PATIO 3,2025-05-03,20:00,21:00,False
PADEL PATIO 3,2025-05-03,21:00,22:00,False
PADEL PATIO 3,2025-05-03,22:00,23:00,False
PADEL PATIO 3,2025-05-03,23:00,0:00,False
Z MÁQUINA DE BOLAS PATIO (100 BOLAS INCLUIDAS),2025-05-03,5:00,06:00,False
Z MÁQUINA DE BOLAS PATIO (100 BOLAS INCLUIDAS),2025-05-03,6:00,07:00,False
Z MÁQUINA DE BOLAS PATIO (100 BOLAS INCLUIDAS),2025-05-03,7:00,08:00,False
Z MÁQUINA DE BOLAS PATIO (100 BOLAS INCLUIDAS),2025-05-03,8:00,09:00,False
Z MÁQUINA DE BOLAS PATIO (100 BOLAS INCLUIDAS),2025-05-03,9:00,10:00,False
Z MÁQUINA DE BOLAS PATIO (100 BOLAS INCLUIDAS),2025-05-03,10:00,11:00,False
Z MÁQUINA DE BOLAS PATIO (100 BOLAS INCLUIDAS),2025-05-03,11:00,12:00,False
Z MÁQUINA DE BOLAS PATIO (100 BOLAS INCLUIDAS),2025-05-03,12:00,13:00,False
Z MÁQUINA DE BOLAS PATIO (100 BOLAS INCLUIDAS),2025-05-03,13:00,14:00,False
Z MÁQUINA DE BOLAS PATIO (100 BOLAS INCLUIDAS),2025-05-03,14:00,15:00,False
Z MÁQUINA DE BOLAS PATIO (100 BOLAS INCLUIDAS),2025-05-03,15:00,16:00,False
Z MÁQUINA DE BOLAS PATIO (100 BOLAS INCLUIDAS),2025-05-03,16:00,17:00,False
Z MÁQUINA DE BOLAS PATIO (100 BOLAS INCLUIDAS),2025-05-03,17:00,18:00,False
Z MÁQUINA DE BOLAS PATIO (100 BOLAS INCLUIDAS),2025-05-03,18:00,19:00,False
Z MÁQUINA DE BOLAS PATIO (100 BOLAS INCLUIDAS),2025-05-03,19:00,20:00,False
Z MÁQUINA DE BOLAS PATIO (100 BOLAS INCLUIDAS),2025-05-03,20:00,21:00,False
Z MÁQUINA DE BOLAS PATIO (100 BOLAS INCLUIDAS),2025-05-03,21:00,22:00,False
Z MÁQUINA DE BOLAS PATIO (100 BOLAS INCLUIDAS),2025-05-03,22:00,23:00,False
Z MÁQUINA DE BOLAS PATIO (100 BOLAS INCLUIDAS),2025-05-03,23:00,0:00,False
PADEL PATIO 1,2025-05-04,5:00,06:00,False
PADEL PATIO 1,2025-05-04,6:00,07:00,False
PADEL PATIO 1,2025-05-04,7:00,08:00,False
PADEL PATIO 1,2025-05-04,08:00,08:30,True
PADEL PATIO 1,2025-05-04,08:30,09:00,True
PADEL PATIO 1,2025-05-04,09:00,09:30,True
PADEL PATIO 1,2025-05-04,09:30,10:00,True
PADEL PATIO 1,2025-05-04,10:00,10:30,True
PADEL PATIO 1,2025-05-04,10:30,11:00,True
PADEL PATIO 1,2025-05-04,11:00,11:30,True
PADEL PATIO 1,2025-05-04,11:30,12:00,True
PADEL PATIO 1,2025-05-04,12:00,12:30,True
PADEL PATIO 1,2025-05-04,12:30,13:00,True
PADEL PATIO 1,2025-05-04,13:00,13:30,True
PADEL PATIO 1,2025-05-04,13:30,14:00,True
PADEL PATIO 1,2025-05-04,14:00,15:00,False
PADEL PATIO 1,2025-05-04,15:00,16:00,False
PADEL PATIO 1,2025-05-04,16:00,17:00,False
PADEL PATIO 1,2025-05-04,17:00,17:30,True
PADEL PATIO 1,2025-05-04,17:30,18:00,True
PADEL PATIO 1,2025-05-04,18:00,19:00,False
PADEL PATIO 1,2025-05-04,19:00,20:00,False
PADEL PATIO 1,2025-05-04,20:00,21:00,False
PADEL PATIO 1,2025-05-04,21:00,22:00,False
PADEL PATIO 1,2025-05-04,22:00,23:00,False
PADEL PATIO 1,2025-05-04,23:00,0:00,False
PADEL PATIO 2,2025-05-04,5:00,06:00,False
PADEL PATIO 2,2025-05-04,6:00,07:00,False
PADEL PATIO 2,2025-05-04,7:00,08:00,False
PADEL PATIO 2,2025-05-04,08:00,08:30,True
PADEL PATIO 2,2025-05-04,08:30,09:00,True
PADEL PATIO 2,2025-05-04,09:00,09:30,True
PADEL PATIO 2,2025-05-04,09:30,10:00,True
PADEL PATIO 2,2025-05-04,10:00,10:30,True
PADEL PATIO 2,2025-05-04,10:30,11:00,True
PADEL PATIO 2,2025-05-04,11:00,11:30,True
PADEL PATIO 2,2025-05-04,11:30,12:00,True
PADEL PATIO 2,2025-05-04,12:00,12:30,True
PADEL PATIO 2,2025-05-04,12:30,13:00,True
PADEL PATIO 2,2025-05-04,13:00,13:30,True
PADEL PATIO 2,2025-05-04,13:30,14:00,True
PADEL PATIO 2,2025-05-04,14:00,15:00,False
PADEL PATIO 2,2025-05-04,15:00,16:00,False
PADEL PATIO 2,2025-05-04,16:00,17:00,False
PADEL PATIO 2,2025-05-04,17:00,18:00,False
PADEL PATIO 2,2025-05-04,18:00,19:00,False
PADEL PATIO 2,2025-05-04,19:00,20:00,False
PADEL PATIO 2,2025-05-04,20:00,21:00,False
PADEL PATIO 2,2025-05-04,21:00,22:00,False
PADEL PATIO 2,2025-05-04,22:00,23:00,False
PADEL PATIO 2,2025-05-04,23:00,0:00,False
PADEL PATIO 3,2025-05-04,5:00,06:00,False
PADEL PATIO 3,2025-05-04,6:00,07:00,False
PADEL PATIO 3,2025-05-04,7:00,08:00,False
PADEL PATIO 3,2025-05-04,08:00,08:30,True
PADEL PATIO 3,2025-05-04,08:30,09:00,True
PADEL PATIO 3,2025-05-04,09:00,09:30,True
PADEL PATIO 3,2025-05-04,09:30,10:00,True
PADEL PATIO 3,2025-05-04,10:00,10:30,True
PADEL PATIO 3,2025-05-04,10:30,11:00,True
PADEL PATIO 3,2025-05-04,11:00,11:30,True
PADEL PATIO 3,2025-05-04,11:30,12:00,True
PADEL PATIO 3,2025-05-04,12:00,12:30,True
PADEL PATIO 3,2025-05-04,12:30,13:00,True
PADEL PATIO 3,2025-05-04,13:00,13:30,True
PADEL PATIO 3,2025-05-04,13:30,14:00,True
PADEL PATIO 3,2025-05-04,14:00,15:00,False
PADEL PATIO 3,2025-05-04,15:00,16:00,False
PADEL PATIO 3,2025-05-04,16:00,16:30,True
PADEL PATIO 3,2025-05-04,16:30,17:00,True
PADEL PATIO 3,2025-05-04,17:00,18:00,False
PADEL PATIO 3,2025-05-04,18:00,19:00,False
PADEL PATIO 3,2025-05-04,19:00,20:00,False
PADEL PATIO 3,2025-05-04,20:00,21:00,False
PADEL PATIO 3,2025-05-04,21:00,22:00,False
PADEL PATIO 3,2025-05-04,22:00,23:00,False
PADEL PATIO 3,2025-05-04,23:00,0:00,False
Z MÁQUINA DE BOLAS PATIO (100 BOLAS INCLUIDAS),2025-05-04,5:00,06:00,False
Z MÁQUINA DE BOLAS PATIO (100 BOLAS INCLUIDAS),2025-05-04,6:00,07:00,False
Z MÁQUINA DE BOLAS PATIO (100 BOLAS INCLUIDAS),2025-05-04,7:00,08:00,False
Z MÁQUINA DE BOLAS PATIO (100 BOLAS INCLUIDAS),2025-05-04,8:00,09:00,False
Z MÁQUINA DE BOLAS PATIO (100 BOLAS INCLUIDAS),2025-05-04,9:00,10:00,False
Z MÁQUINA DE BOLAS PATIO (100 BOLAS INCLUIDAS),2025-05-04,10:00,11:00,False
Z MÁQUINA DE BOLAS PATIO (100 BOLAS INCLUIDAS),2025-05-04,11:00,12:00,False
Z MÁQUINA DE BOLAS PATIO (100 BOLAS INCLUIDAS),2025-05-04,12:00,13:00,False
Z MÁQUINA DE BOLAS PATIO (100 BOLAS INCLUIDAS),2025-05-04,13:00,14:00,False
Z MÁQUINA DE BOLAS PATIO (100 BOLAS INCLUIDAS),2025-05-04,14:00,15:00,False
Z MÁQUINA DE BOLAS PATIO (100 BOLAS INCLUIDAS),2025-05-04,15:00,16:00,False
Z MÁQUINA DE BOLAS PATIO (100 BOLAS INCLUIDAS),2025-05-04,16:00,17:00,False
Z MÁQUINA DE BOLAS PATIO (100 BOLAS INCLUIDAS),2025-05-04,17:00,18:00,False
Z MÁQUINA DE BOLAS PATIO (100 BOLAS INCLUIDAS),2025-05-04,18:00,19:00,False
Z MÁQUINA DE BOLAS PATIO (100 BOLAS INCLUIDAS),2025-05-04,19:00,20:00,False
Z MÁQUINA DE BOLAS PATIO (100 BOLAS INCLUIDAS),2025-05-04,20:00,21:00,False
Z MÁQUINA DE BOLAS PATIO (100 BOLAS INCLUIDAS),2025-05-04,21:00,22:00,False
Z MÁQUINA DE BOLAS PATIO (100 BOLAS INCLUIDAS),2025-05-04,22:00,23:00,False
Z MÁQUINA DE BOLAS PATIO (100 BOLAS INCLUIDAS),2025-05-04,23:00,0:00,False
PADEL PATIO 1,2025-05-05,5:00,06:00,False
PADEL PATIO 1,2025-05-05,6:00,07:00,False
PADEL PATIO 1,2025-05-05,7:00,08:00,False
PADEL PATIO 1,2025-05-05,8:00,09:00,False
PADEL PATIO 1,2025-05-05,9:00,10:00,False
PADEL PATIO 1,2025-05-05,10:00,11:00,False
PADEL PATIO 1,2025-05-05,11:00,12:00,False
PADEL PATIO 1,2025-05-05,12:00,13:00,False
PADEL PATIO 1,2025-05-05,13:00,14:00,False
PADEL PATIO 1,2025-05-05,14:00,15:00,False
PADEL PATIO 1,2025-05-05,15:00,16:00,False
PADEL PATIO 1,2025-05-05,16:00,17:00,False
PADEL PATIO 1,2025-05-05,17:00,18:00,False
PADEL PATIO 1,2025-05-05,18:00,19:00,False
PADEL PATIO 1,2025-05-05,19:00,20:00,False
PADEL PATIO 1,2025-05-05,20:00,21:00,False
PADEL PATIO 1,2025-05-05,21:00,22:00,False
PADEL PATIO 1,2025-05-05,22:00,23:00,False
PADEL PATIO 1,2025-05-05,23:00,0:00,False
PADEL PATIO 2,2025-05-05,5:00,06:00,False
PADEL PATIO 2,2025-05-05,6:00,07:00,False
PADEL PATIO 2,2025-05-05,7:00,08:00,False
PADEL PATIO 2,2025-05-05,8:00,09:00,False
PADEL PATIO 2,2025-05-05,9:00,10:00,False
PADEL PATIO 2,2025-05-05,10:00,11:00,False
PADEL PATIO 2,2025-05-05,11:00,12:00,False
PADEL PATIO 2,2025-05-05,12:00,13:00,False
PADEL PATIO 2,2025-05-05,13:00,14:00,False
PADEL PATIO 2,2025-05-05,14:00,15:00,False
PADEL PATIO 2,2025-05-05,15:00,16:00,False
PADEL PATIO 2,2025-05-05,16:00,17:00,False
PADEL PATIO 2,2025-05-05,17:00,18:00,False
PADEL PATIO 2,2025-05-05,18:00,19:00,False
PADEL PATIO 2,2025-05-05,19:00,20:00,False
PADEL PATIO 2,2025-05-05,20:00,21:00,False
PADEL PATIO 2,2025-05-05,21:00,22:00,False
PADEL PATIO 2,2025-05-05,22:00,23:00,False
PADEL PATIO 2,2025-05-05,23:00,0:00,False
PADEL PATIO 3,2025-05-05,5:00,06:00,False
PADEL PATIO 3,2025-05-05,6:00,07:00,False
PADEL PATIO 3,2025-05-05,7:00,08:00,False
PADEL PATIO 3,2025-05-05,8:00,09:00,False
PADEL PATIO 3,2025-05-05,9:00,10:00,False
PADEL PATIO 3,2025-05-05,10:00,11:00,False
PADEL PATIO 3,2025-05-05,11:00,12:00,False
PADEL PATIO 3,2025-05-05,12:00,13:00,False
PADEL PATIO 3,2025-05-05,13:00,14:00,False
PADEL PATIO 3,2025-05-05,14:00,15:00,False
PADEL PATIO 3,2025-05-05,15:00,16:00,False
PADEL PATIO 3,2025-05-05,16:00,17:00,False
PADEL PATIO 3,2025-05-05,17:00,18:00,False
PADEL PATIO 3,2025-05-05,18:00,19:00,False
PADEL PATIO 3,2025-05-05,19:00,20:00,False
PADEL PATIO 3,2025-05-05,20:00,20:30,True
PADEL PATIO 3,2025-05-05,20:30,21:00,True
PADEL PATIO 3,2025-05-05,21:00,21:30,True
PADEL PATIO 3,2025-05-05,21:30,22:00,True
PADEL PATIO 3,2025-05-05,22:00,23:00,False
PADEL PATIO 3,2025-05-05,23:00,0:00,False
Z MÁQUINA DE BOLAS PATIO (100 BOLAS INCLUIDAS),2025-05-05,5:00,06:00,False
Z MÁQUINA DE BOLAS PATIO (100 BOLAS INCLUIDAS),2025-05-05,6:00,07:00,False
Z MÁQUINA DE BOLAS PATIO (100 BOLAS INCLUIDAS),2025-05-05,7:00,08:00,False
Z MÁQUINA DE BOLAS PATIO (100 BOLAS INCLUIDAS),2025-05-05,8:00,09:00,False
Z MÁQUINA DE BOLAS PATIO (100 BOLAS INCLUIDAS),2025-05-05,9:00,10:00,False
Z MÁQUINA DE BOLAS PATIO (100 BOLAS INCLUIDAS),2025-05-05,10:00,11:00,False
Z MÁQUINA DE BOLAS PATIO (100 BOLAS INCLUIDAS),2025-05-05,11:00,12:00,False
Z MÁQUINA DE BOLAS PATIO (100 BOLAS INCLUIDAS),2025-05-05,12:00,13:00,False
Z MÁQUINA DE BOLAS PATIO (100 BOLAS INCLUIDAS),2025-05-05,13:00,14:00,False
Z MÁQUINA DE BOLAS PATIO (100 BOLAS INCLUIDAS),2025-05-05,14:00,15:00,False
Z MÁQUINA DE BOLAS PATIO (100 BOLAS INCLUIDAS),2025-05-05,15:00,16:00,False
Z MÁQUINA DE BOLAS PATIO (100 BOLAS INCLUIDAS),2025-05-05,16:00,17:00,False
Z MÁQUINA DE BOLAS PATIO (100 BOLAS INCLUIDAS),2025-05-05,17:00,18:00,False
Z MÁQUINA DE BOLAS PATIO (100 BOLAS INCLUIDAS),2025-05-05,18:00,19:00,False
Z MÁQUINA DE BOLAS PATIO (100 BOLAS INCLUIDAS),2025-05-05,19:00,20:00,False
Z MÁQUINA DE BOLAS PATIO (100 BOLAS INCLUIDAS),2025-05-05,20:00,21:00,False
Z MÁQUINA DE BOLAS PATIO (100 BOLAS INCLUIDAS),2025-05-05,21:00,22:00,False
Z MÁQUINA DE BOLAS PATIO (100 BOLAS INCLUIDAS),2025-05-05,22:00,23:00,False
Z MÁQUINA DE BOLAS PATIO (100 BOLAS INCLUIDAS),2025-05-05,23:00,0:00,False
PADEL PATIO 1,2025-05-06,5:00,06:00,False
PADEL PATIO 1,2025-05-06,6:00,07:00,False
PADEL PATIO 1,2025-05-06,7:00,08:00,False
PADEL PATIO 1,2025-05-06,8:00,09:00,False
PADEL PATIO 1,2025-05-06,9:00,10:00,False
PADEL PATIO 1,2025-05-06,10:00,11:00,False
PADEL PATIO 1,2025-05-06,11:00,12:00,False
PADEL PATIO 1,2025-05-06,12:00,13:00,False
PADEL PATIO 1,2025-05-06,13:00,14:00,False
PADEL PATIO 1,2025-05-06,14:00,15:00,False
PADEL PATIO 1,2025-05-06,15:00,16:00,False
PADEL PATIO 1,2025-05-06,16:00,17:00,False
PADEL PATIO 1,2025-05-06,17:00,18:00,False
PADEL PATIO 1,2025-05-06,18:00,19:00,False
PADEL PATIO 1,2025-05-06,19:00,20:00,False
PADEL PATIO 1,2025-05-06,20:00,21:00,False
PADEL PATIO 1,2025-05-06,21:00,22:00,False
PADEL PATIO 1,2025-05-06,22:00,23:00,False
PADEL PATIO 1,2025-05-06,23:00,0:00,False
PADEL PATIO 2,2025-05-06,5:00,06:00,False
PADEL PATIO 2,2025-05-06,06:00,06:30,True
PADEL PATIO 2,2025-05-06,06:30,07:00,True
PADEL PATIO 2,2025-05-06,07:00,07:30,True
PADEL PATIO 2,2025-05-06,07:30,08:00,True
PADEL PATIO 2,2025-05-06,8:00,09:00,False
PADEL PATIO 2,2025-05-06,9:00,10:00,False
PADEL PATIO 2,2025-05-06,10:00,11:00,False
PADEL PATIO 2,2025-05-06,11:00,12:00,False
PADEL PATIO 2,2025-05-06,12:00,13:00,False
PADEL PATIO 2,2025-05-06,13:00,14:00,False
PADEL PATIO 2,2025-05-06,14:00,15:00,False
PADEL PATIO 2,2025-05-06,15:00,16:00,False
PADEL PATIO 2,2025-05-06,16:00,17:00,False
PADEL PATIO 2,2025-05-06,17:00,18:00,False
PADEL PATIO 2,2025-05-06,18:00,19:00,False
PADEL PATIO 2,2025-05-06,19:00,20:00,False
PADEL PATIO 2,2025-05-06,20:00,21:00,False
PADEL PATIO 2,2025-05-06,21:00,22:00,False
PADEL PATIO 2,2025-05-06,22:00,23:00,False
PADEL PATIO 2,2025-05-06,23:00,0:00,False
PADEL PATIO 3,2025-05-06,5:00,06:00,False
PADEL PATIO 3,2025-05-06,6:00,07:00,False
PADEL PATIO 3,2025-05-06,7:00,08:00,False
PADEL PATIO 3,2025-05-06,8:00,09:00,False
PADEL PATIO 3,2025-05-06,9:00,10:00,False
PADEL PATIO 3,2025-05-06,10:00,11:00,False
PADEL PATIO 3,2025-05-06,11:00,12:00,False
PADEL PATIO 3,2025-05-06,12:00,13:00,False
PADEL PATIO 3,2025-05-06,13:00,14:00,False
PADEL PATIO 3,2025-05-06,14:00,15:00,False
PADEL PATIO 3,2025-05-06,15:00,16:00,False
PADEL PATIO 3,2025-05-06,16:00,17:00,False
PADEL PATIO 3,2025-05-06,17:00,18:00,False
PADEL PATIO 3,2025-05-06,18:00,19:00,False
PADEL PATIO 3,2025-05-06,19:00,19:30,True
PADEL PATIO 3,2025-05-06,19:30,20:00,True
PADEL PATIO 3,2025-05-06,20:00,21:00,False
PADEL PATIO 3,2025-05-06,21:00,22:00,False
PADEL PATIO 3,2025-05-06,22:00,23:00,False
PADEL PATIO 3,2025-05-06,23:00,0:00,False
Z MÁQUINA DE BOLAS PATIO (100 BOLAS INCLUIDAS),2025-05-06,5:00,06:00,False
Z MÁQUINA DE BOLAS PATIO (100 BOLAS INCLUIDAS),2025-05-06,6:00,07:00,False
Z MÁQUINA DE BOLAS PATIO (100 BOLAS INCLUIDAS),2025-05-06,7:00,08:00,False
Z MÁQUINA DE BOLAS PATIO (100 BOLAS INCLUIDAS),2025-05-06,8:00,09:00,False
Z MÁQUINA DE BOLAS PATIO (100 BOLAS INCLUIDAS),2025-05-06,9:00,10:00,False
Z MÁQUINA DE BOLAS PATIO (100 BOLAS INCLUIDAS),2025-05-06,10:00,11:00,False
Z MÁQUINA DE BOLAS PATIO (100 BOLAS INCLUIDAS),2025-05-06,11:00,12:00,False
Z MÁQUINA DE BOLAS PATIO (100 BOLAS INCLUIDAS),2025-05-06,12:00,13:00,False
Z MÁQUINA DE BOLAS PATIO (100 BOLAS INCLUIDAS),2025-05-06,13:00,14:00,False
Z MÁQUINA DE BOLAS PATIO (100 BOLAS INCLUIDAS),2025-05-06,14:00,15:00,False
Z MÁQUINA DE BOLAS PATIO (100 BOLAS INCLUIDAS),2025-05-06,15:00,16:00,False
Z MÁQUINA DE BOLAS PATIO (100 BOLAS INCLUIDAS),2025-05-06,16:00,17:00,False
Z MÁQUINA DE BOLAS PATIO (100 BOLAS INCLUIDAS),2025-05-06,17:00,18:00,False
Z MÁQUINA DE BOLAS PATIO (100 BOLAS INCLUIDAS),2025-05-06,18:00,19:00,False
Z MÁQUINA DE BOLAS PATIO (100 BOLAS INCLUIDAS),2025-05-06,19:00,20:00,False
Z MÁQUINA DE BOLAS PATIO (100 BOLAS INCLUIDAS),2025-05-06,20:00,21:00,False
Z MÁQUINA DE BOLAS PATIO (100 BOLAS INCLUIDAS),2025-05-06,21:00,22:00,False
Z MÁQUINA DE BOLAS PATIO (100 BOLAS INCLUIDAS),2025-05-06,22:00,23:00,False
Z MÁQUINA DE BOLAS PATIO (100 BOLAS INCLUIDAS),2025-05-06,23:00,0:00,False
PADEL PATIO 1,2025-05-07,5:00,06:00,False
PADEL PATIO 1,2025-05-07,6:00,07:00,False
PADEL PATIO 1,2025-05-07,7:00,08:00,False
PADEL PATIO 1,2025-05-07,8:00,09:00,False
PADEL PATIO 1,2025-05-07,9:00,10:00,False
PADEL PATIO 1,2025-05-07,10:00,11:00,False
PADEL PATIO 1,2025-05-07,11:00,12:00,False
PADEL PATIO 1,2025-05-07,12:00,13:00,False
PADEL PATIO 1,2025-05-07,13:00,14:00,False
PADEL PATIO 1,2025-05-07,14:00,15:00,False
PADEL PATIO 1,2025-05-07,15:00,16:00,False
PADEL PATIO 1,2025-05-07,16:00,17:00,False
PADEL PATIO 1,2025-05-07,17:00,18:00,False
PADEL PATIO 1,2025-05-07,18:00,19:00,False
PADEL PATIO 1,2025-05-07,19:00,20:00,False
PADEL PATIO 1,2025-05-07,20:00,21:00,False
PADEL PATIO 1,2025-05-07,21:00,22:00,False
PADEL PATIO 1,2025-05-07,22:00,23:00,False
PADEL PATIO 1,2025-05-07,23:00,0:00,False
PADEL PATIO 2,2025-05-07,5:00,06:00,False
PADEL PATIO 2,2025-05-07,6:00,07:00,False
PADEL PATIO 2,2025-05-07,7:00,08:00,False
PADEL PATIO 2,2025-05-07,8:00,09:00,False
PADEL PATIO 2,2025-05-07,9:00,10:00,False
PADEL PATIO 2,2025-05-07,10:00,11:00,False
PADEL PATIO 2,2025-05-07,11:00,12:00,False
PADEL PATIO 2,2025-05-07,12:00,13:00,False
PADEL PATIO 2,2025-05-07,13:00,14:00,False
PADEL PATIO 2,2025-05-07,14:00,15:00,False
PADEL PATIO 2,2025-05-07,15:00,16:00,False
PADEL PATIO 2,2025-05-07,16:00,17:00,False
PADEL PATIO 2,2025-05-07,17:00,18:00,False
PADEL PATIO 2,2025-05-07,18:00,18:30,True
PADEL PATIO 2,2025-05-07,18:30,19:00,True
PADEL PATIO 2,2025-05-07,19:00,20:00,False
PADEL PATIO 2,2025-05-07,20:00,21:00,False
PADEL PATIO 2,2025-05-07,21:00,22:00,False
PADEL PATIO 2,2025-05-07,22:00,23:00,False
PADEL PATIO 2,2025-05-07,23:00,0:00,False
PADEL PATIO 3,2025-05-07,5:00,06:00,False
PADEL PATIO 3,2025-05-07,6:00,07:00,False
PADEL PATIO 3,2025-05-07,7:00,08:00,False
PADEL PATIO 3,2025-05-07,8:00,09:00,False
PADEL PATIO 3,2025-05-07,9:00,10:00,False
PADEL PATIO 3,2025-05-07,10:00,11:00,False
PADEL PATIO 3,2025-05-07,11:00,12:00,False
PADEL PATIO 3,2025-05-07,12:00,13:00,False
PADEL PATIO 3,2025-05-07,13:00,14:00,False
PADEL PATIO 3,2025-05-07,14:00,15:00,False
PADEL PATIO 3,2025-05-07,15:00,16:00,False
PADEL PATIO 3,2025-05-07,16:00,17:00,False
PADEL PATIO 3,2025-05-07,17:00,18:00,False
PADEL PATIO 3,2025-05-07,18:00,19:00,False
PADEL PATIO 3,2025-05-07,19:00,20:00,False
PADEL PATIO 3,2025-05-07,20:00,20:30,True
PADEL PATIO 3,2025-05-07,20:30,21:00,True
PADEL PATIO 3,2025-05-07,21:00,21:30,True
PADEL PATIO 3,2025-05-07,21:30,22:00,True
PADEL PATIO 3,2025-05-07,22:00,23:00,False
PADEL PATIO 3,2025-05-07,23:00,0:00,False
Z MÁQUINA DE BOLAS PATIO (100 BOLAS INCLUIDAS),2025-05-07,5:00,06:00,False
Z MÁQUINA DE BOLAS PATIO (100 BOLAS INCLUIDAS),2025-05-07,6:00,07:00,False
Z MÁQUINA DE BOLAS PATIO (100 BOLAS INCLUIDAS),2025-05-07,7:00,08:00,False
Z MÁQUINA DE BOLAS PATIO (100 BOLAS INCLUIDAS),2025-05-07,8:00,09:00,False
Z MÁQUINA DE BOLAS PATIO (100 BOLAS INCLUIDAS),2025-05-07,9:00,10:00,False
Z MÁQUINA DE BOLAS PATIO (100 BOLAS INCLUIDAS),2025-05-07,10:00,11:00,False
Z MÁQUINA DE BOLAS PATIO (100 BOLAS INCLUIDAS),2025-05-07,11:00,12:00,False
Z MÁQUINA DE BOLAS PATIO (100 BOLAS INCLUIDAS),2025-05-07,12:00,13:00,False
Z MÁQUINA DE BOLAS PATIO (100 BOLAS INCLUIDAS),2025-05-07,13:00,14:00,False
Z MÁQUINA DE BOLAS PATIO (100 BOLAS INCLUIDAS),2025-05-07,14:00,15:00,False
Z MÁQUINA DE BOLAS PATIO (100 BOLAS INCLUIDAS),2025-05-07,15:00,16:00,False
Z MÁQUINA DE BOLAS PATIO (100 BOLAS INCLUIDAS),2025-05-07,16:00,17:00,False
Z MÁQUINA DE BOLAS PATIO (100 BOLAS INCLUIDAS),2025-05-07,17:00,18:00,False
Z MÁQUINA DE BOLAS PATIO (100 BOLAS INCLUIDAS),2025-05-07,18:00,19:00,False
Z MÁQUINA DE BOLAS PATIO (100 BOLAS INCLUIDAS),2025-05-07,19:00,20:00,False
Z MÁQUINA DE BOLAS PATIO (100 BOLAS INCLUIDAS),2025-05-07,20:00,21:00,False
Z MÁQUINA DE BOLAS PATIO (100 BOLAS INCLUIDAS),2025-05-07,21:00,22:00,False
Z MÁQUINA DE BOLAS PATIO (100 BOLAS INCLUIDAS),2025-05-07,22:00,23:00,False
Z MÁQUINA DE BOLAS PATIO (100 BOLAS INCLUIDAS),2025-05-07,23:00,0:00,False
PADEL PATIO 1,2025-05-08,5:00,06:00,False
PADEL PATIO 1,2025-05-08,6:00,07:00,False
PADEL PATIO 1,2025-05-08,7:00,08:00,False
PADEL PATIO 1,2025-05-08,8:00,09:00,False
PADEL PATIO 1,2025-05-08,9:00,10:00,False
PADEL PATIO 1,2025-05-08,10:00,11:00,False
PADEL PATIO 1,2025-05-08,11:00,12:00,False
PADEL PATIO 1,2025-05-08,12:00,13:00,False
PADEL PATIO 1,2025-05-08,13:00,14:00,False
PADEL PATIO 1,2025-05-08,14:00,15:00,False
PADEL PATIO 1,2025-05-08,15:00,16:00,False
PADEL PATIO 1,2025-05-08,16:00,17:00,False
PADEL PATIO 1,2025-05-08,17:00,18:00,False
PADEL PATIO 1,2025-05-08,18:00,19:00,False
PADEL PATIO 1,2025-05-08,19:00,20:00,False
PADEL PATIO 1,2025-05-08,20:00,21:00,False
PADEL PATIO 1,2025-05-08,21:00,22:00,False
PADEL PATIO 1,2025-05-08,22:00,23:00,False
PADEL PATIO 1,2025-05-08,23:00,0:00,False
PADEL PATIO 2,2025-05-08,5:00,06:00,False
PADEL PATIO 2,2025-05-08,6:00,07:00,False
PADEL PATIO 2,2025-05-08,7:00,08:00,False
PADEL PATIO 2,2025-05-08,8:00,09:00,False
PADEL PATIO 2,2025-05-08,9:00,10:00,False
PADEL PATIO 2,2025-05-08,10:00,11:00,False
PADEL PATIO 2,2025-05-08,11:00,12:00,False
PADEL PATIO 2,2025-05-08,12:00,13:00,False
PADEL PATIO 2,2025-05-08,13:00,14:00,False
PADEL PATIO 2,2025-05-08,14:00,15:00,False
PADEL PATIO 2,2025-05-08,15:00,16:00,False
PADEL PATIO 2,2025-05-08,16:00,17:00,False
PADEL PATIO 2,2025-05-08,17:00,18:00,False
PADEL PATIO 2,2025-05-08,18:00,19:00,False
PADEL PATIO 2,2025-05-08,19:00,20:00,False
PADEL PATIO 2,2025-05-08,20:00,21:00,False
PADEL PATIO 2,2025-05-08,21:00,22:00,False
PADEL PATIO 2,2025-05-08,22:00,23:00,False
PADEL PATIO 2,2025-05-08,23:00,0:00,False
PADEL PATIO 3,2025-05-08,5:00,06:00,False
PADEL PATIO 3,2025-05-08,6:00,07:00,False
PADEL PATIO 3,2025-05-08,7:00,08:00,False
PADEL PATIO 3,2025-05-08,8:00,09:00,False
PADEL PATIO 3,2025-05-08,9:00,10:00,False
PADEL PATIO 3,2025-05-08,10:00,11:00,False
PADEL PATIO 3,2025-05-08,11:00,12:00,False
PADEL PATIO 3,2025-05-08,12:00,13:00,False
PADEL PATIO 3,2025-05-08,13:00,14:00,False
PADEL PATIO 3,2025-05-08,14:00,15:00,False
PADEL PATIO 3,2025-05-08,15:00,16:00,False
PADEL PATIO 3,2025-05-08,16:00,17:00,False
PADEL PATIO 3,2025-05-08,17:00,18:00,False
PADEL PATIO 3,2025-05-08,18:00,19:00,False
PADEL PATIO 3,2025-05-08,19:00,20:00,False
PADEL PATIO 3,2025-05-08,20:00,21:00,False
PADEL PATIO 3,2025-05-08,21:00,22:00,False
PADEL PATIO 3,2025-05-08,22:00,23:00,False
PADEL PATIO 3,2025-05-08,23:00,0:00,False
Z MÁQUINA DE BOLAS PATIO (100 BOLAS INCLUIDAS),2025-05-08,5:00,06:00,False
Z MÁQUINA DE BOLAS PATIO (100 BOLAS INCLUIDAS),2025-05-08,6:00,07:00,False
Z MÁQUINA DE BOLAS PATIO (100 BOLAS INCLUIDAS),2025-05-08,7:00,08:00,False
Z MÁQUINA DE BOLAS PATIO (100 BOLAS INCLUIDAS),2025-05-08,8:00,09:00,False
Z MÁQUINA DE BOLAS PATIO (100 BOLAS INCLUIDAS),2025-05-08,9:00,10:00,False
Z MÁQUINA DE BOLAS PATIO (100 BOLAS INCLUIDAS),2025-05-08,10:00,11:00,False
Z MÁQUINA DE BOLAS PATIO (100 BOLAS INCLUIDAS),2025-05-08,11:00,12:00,False
Z MÁQUINA DE BOLAS PATIO (100 BOLAS INCLUIDAS),2025-05-08,12:00,13:00,False
Z MÁQUINA DE BOLAS PATIO (100 BOLAS INCLUIDAS),2025-05-08,13:00,14:00,False
Z MÁQUINA DE BOLAS PATIO (100 BOLAS INCLUIDAS),2025-05-08,14:00,15:00,False
Z MÁQUINA DE BOLAS PATIO (100 BOLAS INCLUIDAS),2025-05-08,15:00,16:00,False
Z MÁQUINA DE BOLAS PATIO (100 BOLAS INCLUIDAS),2025-05-08,16:00,17:00,False
Z MÁQUINA DE BOLAS PATIO (100 BOLAS INCLUIDAS),2025-05-08,17:00,18:00,False
Z MÁQUINA DE BOLAS PATIO (100 BOLAS INCLUIDAS),2025-05-08,18:00,19:00,False
Z MÁQUINA DE BOLAS PATIO (100 BOLAS INCLUIDAS),2025-05-08,19:00,20:00,False
Z MÁQUINA DE BOLAS PATIO (100 BOLAS INCLUIDAS),2025-05-08,20:00,21:00,False
Z MÁQUINA DE BOLAS PATIO (100 BOLAS INCLUIDAS),2025-05-08,21:00,22:00,False
Z MÁQUINA DE BOLAS PATIO (100 BOLAS INCLUIDAS),2025-05-08,22:00,23:00,False
Z MÁQUINA DE BOLAS PATIO (100 BOLAS INCLUIDAS),2025-05-08,23:00,0:00,False
PADEL PATIO 1,2025-05-09,5:00,06:00,False
PADEL PATIO 1,2025-05-09,6:00,07:00,False
PADEL PATIO 1,2025-05-09,7:00,08:00,False
PADEL PATIO 1,2025-05-09,8:00,09:00,False
PADEL PATIO 1,2025-05-09,9:00,10:00,False
PADEL PATIO 1,2025-05-09,10:00,11:00,False
PADEL PATIO 1,2025-05-09,11:00,12:00,False
PADEL PATIO 1,2025-05-09,12:00,13:00,False
PADEL PATIO 1,2025-05-09,13:00,14:00,False
PADEL PATIO 1,2025-05-09,14:00,15:00,False
PADEL PATIO 1,2025-05-09,15:00,16:00,False
PADEL PATIO 1,2025-05-09,16:00,17:00,False
PADEL PATIO 1,2025-05-09,17:00,18:00,False
PADEL PATIO 1,2025-05-09,18:00,19:00,False
PADEL PATIO 1,2025-05-09,19:00,20:00,False
PADEL PATIO 1,2025-05-09,20:00,21:00,False
PADEL PATIO 1,2025-05-09,21:00,22:00,False
PADEL PATIO 1,2025-05-09,22:00,23:00,False
PADEL PATIO 1,2025-05-09,23:00,0:00,False
PADEL PATIO 2,2025-05-09,5:00,06:00,False
PADEL PATIO 2,2025-05-09,6:00,07:00,False
PADEL PATIO 2,2025-05-09,7:00,08:00,False
PADEL PATIO 2,2025-05-09,8:00,09:00,False
PADEL PATIO 2,2025-05-09,9:00,10:00,False
PADEL PATIO 2,2025-05-09,10:00,11:00,False
PADEL PATIO 2,2025-05-09,11:00,12:00,False
PADEL PATIO 2,2025-05-09,12:00,13:00,False
PADEL PATIO 2,2025-05-09,13:00,14:00,False
PADEL PATIO 2,2025-05-09,14:00,15:00,False
PADEL PATIO 2,2025-05-09,15:00,16:00,False
PADEL PATIO 2,2025-05-09,16:00,17:00,False
PADEL PATIO 2,2025-05-09,17:00,18:00,False
PADEL PATIO 2,2025-05-09,18:00,19:00,False
PADEL PATIO 2,2025-05-09,19:00,20:00,False
PADEL PATIO 2,2025-05-09,20:00,21:00,False
PADEL PATIO 2,2025-05-09,21:00,22:00,False
PADEL PATIO 2,2025-05-09,22:00,23:00,False
PADEL PATIO 2,2025-05-09,23:00,0:00,False
PADEL PATIO 3,2025-05-09,5:00,06:00,False
PADEL PATIO 3,2025-05-09,6:00,07:00,False
PADEL PATIO 3,2025-05-09,7:00,08:00,False
PADEL PATIO 3,2025-05-09,8:00,09:00,False
PADEL PATIO 3,2025-05-09,9:00,10:00,False
PADEL PATIO 3,2025-05-09,10:00,11:00,False
PADEL PATIO 3,2025-05-09,11:00,12:00,False
PADEL PATIO 3,2025-05-09,12:00,13:00,False
PADEL PATIO 3,2025-05-09,13:00,14:00,False
PADEL PATIO 3,2025-05-09,14:00,15:00,False
PADEL PATIO 3,2025-05-09,15:00,16:00,False
PADEL PATIO 3,2025-05-09,16:00,17:00,False
PADEL PATIO 3,2025-05-09,17:00,18:00,False
PADEL PATIO 3,2025-05-09,18:00,19:00,False
PADEL PATIO 3,2025-05-09,19:00,20:00,False
PADEL PATIO 3,2025-05-09,20:00,21:00,False
PADEL PATIO 3,2025-05-09,21:00,22:00,False
PADEL PATIO 3,2025-05-09,22:00,23:00,False
PADEL PATIO 3,2025-05-09,23:00,0:00,False
Z MÁQUINA DE BOLAS PATIO (100 BOLAS INCLUIDAS),2025-05-09,5:00,06:00,False
Z MÁQUINA DE BOLAS PATIO (100 BOLAS INCLUIDAS),2025-05-09,6:00,07:00,False
Z MÁQUINA DE BOLAS PATIO (100 BOLAS INCLUIDAS),2025-05-09,7:00,08:00,False
Z MÁQUINA DE BOLAS PATIO (100 BOLAS INCLUIDAS),2025-05-09,8:00,09:00,False
Z MÁQUINA DE BOLAS PATIO (100 BOLAS INCLUIDAS),2025-05-09,9:00,10:00,False
Z MÁQUINA DE BOLAS PATIO (100 BOLAS INCLUIDAS),2025-05-09,10:00,11:00,False
Z MÁQUINA DE BOLAS PATIO (100 BOLAS INCLUIDAS),2025-05-09,11:00,12:00,False
Z MÁQUINA DE BOLAS PATIO (100 BOLAS INCLUIDAS),2025-05-09,12:00,13:00,False
Z MÁQUINA DE BOLAS PATIO (100 BOLAS INCLUIDAS),2025-05-09,13:00,14:00,False
Z MÁQUINA DE BOLAS PATIO (100 BOLAS INCLUIDAS),2025-05-09,14:00,15:00,False
Z MÁQUINA DE BOLAS PATIO (100 BOLAS INCLUIDAS),2025-05-09,15:00,16:00,False
Z MÁQUINA DE BOLAS PATIO (100 BOLAS INCLUIDAS),2025-05-09,16:00,17:00,False
Z MÁQUINA DE BOLAS PATIO (100 BOLAS INCLUIDAS),2025-05-09,17:00,18:00,False
Z MÁQUINA DE BOLAS PATIO (100 BOLAS INCLUIDAS),2025-05-09,18:00,19:00,False
Z MÁQUINA DE BOLAS PATIO (100 BOLAS INCLUIDAS),2025-05-09,19:00,20:00,False
Z MÁQUINA DE BOLAS PATIO (100 BOLAS INCLUIDAS),2025-05-09,20:00,21:00,False
Z MÁQUINA DE BOLAS PATIO (100 BOLAS INCLUIDAS),2025-05-09,21:00,22:00,False
Z MÁQUINA DE BOLAS PATIO (100 BOLAS INCLUIDAS),2025-05-09,22:00,23:00,False
Z MÁQUINA DE BOLAS PATIO (100 BOLAS INCLUIDAS),2025-05-09,23:00,0:00,False
PADEL PATIO 1,2025-05-10,5:00,06:00,False
PADEL PATIO 1,2025-05-10,6:00,07:00,False
PADEL PATIO 1,2025-05-10,7:00,08:00,False
PADEL PATIO 1,2025-05-10,8:00,09:00,False
PADEL PATIO 1,2025-05-10,9:00,10:00,False
PADEL PATIO 1,2025-05-10,10:00,11:00,False
PADEL PATIO 1,2025-05-10,11:00,12:00,False
PADEL PATIO 1,2025-05-10,12:00,13:00,False
PADEL PATIO 1,2025-05-10,13:00,14:00,False
PADEL PATIO 1,2025-05-10,14:00,15:00,False
PADEL PATIO 1,2025-05-10,15:00,16:00,False
PADEL PATIO 1,2025-05-10,16:00,17:00,False
PADEL PATIO 1,2025-05-10,17:00,17:30,True
PADEL PATIO 1,2025-05-10,17:30,18:00,True
PADEL PATIO 1,2025-05-10,18:00,18:30,True
PADEL PATIO 1,2025-05-10,18:30,19:00,True
PADEL PATIO 1,2025-05-10,19:00,20:00,False
PADEL PATIO 1,2025-05-10,20:00,21:00,False
PADEL PATIO 1,2025-05-10,21:00,22:00,False
PADEL PATIO 1,2025-05-10,22:00,23:00,False
PADEL PATIO 1,2025-05-10,23:00,0:00,False
PADEL PATIO 2,2025-05-10,5:00,06:00,False
PADEL PATIO 2,2025-05-10,6:00,07:00,False
PADEL PATIO 2,2025-05-10,7:00,08:00,False
PADEL PATIO 2,2025-05-10,8:00,09:00,False
PADEL PATIO 2,2025-05-10,9:00,10:00,False
PADEL PATIO 2,2025-05-10,10:00,11:00,False
PADEL PATIO 2,2025-05-10,11:00,12:00,False
PADEL PATIO 2,2025-05-10,12:00,13:00,False
PADEL PATIO 2,2025-05-10,13:00,14:00,False
PADEL PATIO 2,2025-05-10,14:00,15:00,False
PADEL PATIO 2,2025-05-10,15:00,16:00,False
PADEL PATIO 2,2025-05-10,16:00,17:00,False
PADEL PATIO 2,2025-05-10,17:00,17:30,True
PADEL PATIO 2,2025-05-10,17:30,18:00,True
PADEL PATIO 2,2025-05-10,18:00,18:30,True
PADEL PATIO 2,2025-05-10,18:30,19:00,True
PADEL PATIO 2,2025-05-10,19:00,20:00,False
PADEL PATIO 2,2025-05-10,20:00,21:00,False
PADEL PATIO 2,2025-05-10,21:00,22:00,False
PADEL PATIO 2,2025-05-10,22:00,23:00,False
PADEL PATIO 2,2025-05-10,23:00,0:00,False
PADEL PATIO 3,2025-05-10,5:00,06:00,False
PADEL PATIO 3,2025-05-10,6:00,07:00,False
PADEL PATIO 3,2025-05-10,7:00,08:00,False
PADEL PATIO 3,2025-05-10,8:00,09:00,False
PADEL PATIO 3,2025-05-10,9:00,10:00,False
PADEL PATIO 3,2025-05-10,10:00,11:00,False
PADEL PATIO 3,2025-05-10,11:00,12:00,False
PADEL PATIO 3,2025-05-10,12:00,13:00,False
PADEL PATIO 3,2025-05-10,13:00,14:00,False
PADEL PATIO 3,2025-05-10,14:00,15:00,False
PADEL PATIO 3,2025-05-10,15:00,16:00,False
PADEL PATIO 3,2025-05-10,16:00,17:00,False
PADEL PATIO 3,2025-05-10,17:00,17:30,True
PADEL PATIO 3,2025-05-10,17:30,18:00,True
PADEL PATIO 3,2025-05-10,18:00,18:30,True
PADEL PATIO 3,2025-05-10,18:30,19:00,True
PADEL PATIO 3,2025-05-10,19:00,20:00,False
PADEL PATIO 3,2025-05-10,20:00,21:00,False
PADEL PATIO 3,2025-05-10,21:00,22:00,False
PADEL PATIO 3,2025-05-10,22:00,23:00,False
PADEL PATIO 3,2025-05-10,23:00,0:00,False
Z MÁQUINA DE BOLAS PATIO (100 BOLAS INCLUIDAS),2025-05-10,5:00,06:00,False
Z MÁQUINA DE BOLAS PATIO (100 BOLAS INCLUIDAS),2025-05-10,6:00,07:00,False
Z MÁQUINA DE BOLAS PATIO (100 BOLAS INCLUIDAS),2025-05-10,7:00,08:00,False
Z MÁQUINA DE BOLAS PATIO (100 BOLAS INCLUIDAS),2025-05-10,8:00,09:00,False
Z MÁQUINA DE BOLAS PATIO (100 BOLAS INCLUIDAS),2025-05-10,9:00,10:00,False
Z MÁQUINA DE BOLAS PATIO (100 BOLAS INCLUIDAS),2025-05-10,10:00,11:00,False
Z MÁQUINA DE BOLAS PATIO (100 BOLAS INCLUIDAS),2025-05-10,11:00,12:00,False
Z MÁQUINA DE BOLAS PATIO (100 BOLAS INCLUIDAS),2025-05-10,12:00,13:00,False
Z MÁQUINA DE BOLAS PATIO (100 BOLAS INCLUIDAS),2025-05-10,13:00,14:00,False
Z MÁQUINA DE BOLAS PATIO (100 BOLAS INCLUIDAS),2025-05-10,14:00,15:00,False
Z MÁQUINA DE BOLAS PATIO (100 BOLAS INCLUIDAS),2025-05-10,15:00,16:00,False
Z MÁQUINA DE BOLAS PATIO (100 BOLAS INCLUIDAS),2025-05-10,16:00,17:00,False
Z MÁQUINA DE BOLAS PATIO (100 BOLAS INCLUIDAS),2025-05-10,17:00,18:00,False
Z MÁQUINA DE BOLAS PATIO (100 BOLAS INCLUIDAS),2025-05-10,18:00,19:00,False
Z MÁQUINA DE BOLAS PATIO (100 BOLAS INCLUIDAS),2025-05-10,19:00,20:00,False
Z MÁQUINA DE BOLAS PATIO (100 BOLAS INCLUIDAS),2025-05-10,20:00,21:00,False
Z MÁQUINA DE BOLAS PATIO (100 BOLAS INCLUIDAS),2025-05-10,21:00,22:00,False
Z MÁQUINA DE BOLAS PATIO (100 BOLAS INCLUIDAS),2025-05-10,22:00,23:00,False
Z MÁQUINA DE BOLAS PATIO (100 BOLAS INCLUIDAS),2025-05-10,23:00,0:00,False
PADEL PATIO 1,2025-05-11,5:00,06:00,False
PADEL PATIO 1,2025-05-11,6:00,07:00,False
PADEL PATIO 1,2025-05-11,7:00,08:00,False
PADEL PATIO 1,2025-05-11,8:00,09:00,False
PADEL PATIO 1,2025-05-11,9:00,10:00,False
PADEL PATIO 1,2025-05-11,10:00,11:00,False
PADEL PATIO 1,2025-05-11,11:00,12:00,False
PADEL PATIO 1,2025-05-11,12:00,13:00,False
PADEL PATIO 1,2025-05-11,13:00,14:00,False
PADEL PATIO 1,2025-05-11,14:00,15:00,False
PADEL PATIO 1,2025-05-11,15:00,16:00,False
PADEL PATIO 1,2025-05-11,16:00,17:00,False
PADEL PATIO 1,2025-05-11,17:00,18:00,False
PADEL PATIO 1,2025-05-11,18:00,19:00,False
PADEL PATIO 1,2025-05-11,19:00,20:00,False
PADEL PATIO 1,2025-05-11,20:00,21:00,False
PADEL PATIO 1,2025-05-11,21:00,22:00,False
PADEL PATIO 1,2025-05-11,22:00,23:00,False
PADEL PATIO 1,2025-05-11,23:00,0:00,False
PADEL PATIO 2,2025-05-11,5:00,06:00,False
PADEL PATIO 2,2025-05-11,6:00,07:00,False
PADEL PATIO 2,2025-05-11,7:00,08:00,False
PADEL PATIO 2,2025-05-11,8:00,09:00,False
PADEL PATIO 2,2025-05-11,9:00,10:00,False
PADEL PATIO 2,2025-05-11,10:00,11:00,False
PADEL PATIO 2,2025-05-11,11:00,12:00,False
PADEL PATIO 2,2025-05-11,12:00,13:00,False
PADEL PATIO 2,2025-05-11,13:00,14:00,False
PADEL PATIO 2,2025-05-11,14:00,15:00,False
PADEL PATIO 2,2025-05-11,15:00,16:00,False
PADEL PATIO 2,2025-05-11,16:00,17:00,False
PADEL PATIO 2,2025-05-11,17:00,18:00,False
PADEL PATIO 2,2025-05-11,18:00,19:00,False
PADEL PATIO 2,2025-05-11,19:00,20:00,False
PADEL PATIO 2,2025-05-11,20:00,21:00,False
PADEL PATIO 2,2025-05-11,21:00,22:00,False
PADEL PATIO 2,2025-05-11,22:00,23:00,False
PADEL PATIO 2,2025-05-11,23:00,0:00,False
PADEL PATIO 3,2025-05-11,5:00,06:00,False
PADEL PATIO 3,2025-05-11,6:00,07:00,False
PADEL PATIO 3,2025-05-11,7:00,08:00,False
PADEL PATIO 3,2025-05-11,8:00,09:00,False
PADEL PATIO 3,2025-05-11,9:00,10:00,False
PADEL PATIO 3,2025-05-11,10:00,11:00,False
PADEL PATIO 3,2025-05-11,11:00,12:00,False
PADEL PATIO 3,2025-05-11,12:00,13:00,False
PADEL PATIO 3,2025-05-11,13:00,14:00,False
PADEL PATIO 3,2025-05-11,14:00,15:00,False
PADEL PATIO 3,2025-05-11,15:00,16:00,False
PADEL PATIO 3,2025-05-11,16:00,17:00,False
PADEL PATIO 3,2025-05-11,17:00,18:00,False
PADEL PATIO 3,2025-05-11,18:00,19:00,False
PADEL PATIO 3,2025-05-11,19:00,20:00,False
PADEL PATIO 3,2025-05-11,20:00,21:00,False
PADEL PATIO 3,2025-05-11,21:00,22:00,False
PADEL PATIO 3,2025-05-11,22:00,23:00,False
PADEL PATIO 3,2025-05-11,23:00,0:00,False
Z MÁQUINA DE BOLAS PATIO (100 BOLAS INCLUIDAS),2025-05-11,5:00,06:00,False
Z MÁQUINA DE BOLAS PATIO (100 BOLAS INCLUIDAS),2025-05-11,6:00,07:00,False
Z MÁQUINA DE BOLAS PATIO (100 BOLAS INCLUIDAS),2025-05-11,7:00,08:00,False
Z MÁQUINA DE BOLAS PATIO (100 BOLAS INCLUIDAS),2025-05-11,8:00,09:00,False
Z MÁQUINA DE BOLAS PATIO (100 BOLAS INCLUIDAS),2025-05-11,9:00,10:00,False
Z MÁQUINA DE BOLAS PATIO (100 BOLAS INCLUIDAS),2025-05-11,10:00,11:00,False
Z MÁQUINA DE BOLAS PATIO (100 BOLAS INCLUIDAS),2025-05-11,11:00,12:00,False
Z MÁQUINA DE BOLAS PATIO (100 BOLAS INCLUIDAS),2025-05-11,12:00,13:00,False
Z MÁQUINA DE BOLAS PATIO (100 BOLAS INCLUIDAS),2025-05-11,13:00,14:00,False
Z MÁQUINA DE BOLAS PATIO (100 BOLAS INCLUIDAS),2025-05-11,14:00,15:00,False
Z MÁQUINA DE BOLAS PATIO (100 BOLAS INCLUIDAS),2025-05-11,15:00,16:00,False
Z MÁQUINA DE BOLAS PATIO (100 BOLAS INCLUIDAS),2025-05-11,16:00,17:00,False
Z MÁQUINA DE BOLAS PATIO (100 BOLAS INCLUIDAS),2025-05-11,17:00,18:00,False
Z MÁQUINA DE BOLAS PATIO (100 BOLAS INCLUIDAS),2025-05-11,18:00,19:00,False
Z MÁQUINA DE BOLAS PATIO (100 BOLAS INCLUIDAS),2025-05-11,19:00,20:00,False
Z MÁQUINA DE BOLAS PATIO (100 BOLAS INCLUIDAS),2025-05-11,20:00,21:00,False
Z MÁQUINA DE BOLAS PATIO (100 BOLAS INCLUIDAS),2025-05-11,21:00,22:00,False
Z MÁQUINA DE BOLAS PATIO (100 BOLAS INCLUIDAS),2025-05-11,22:00,23:00,False
Z MÁQUINA DE BOLAS PATIO (100 BOLAS INCLUIDAS),2025-05-11,23:00,0:00,False
PADEL PATIO 1,2025-05-12,5:00,06:00,False
PADEL PATIO 1,2025-05-12,6:00,07:00,False
PADEL PATIO 1,2025-05-12,7:00,08:00,False
PADEL PATIO 1,2025-05-12,8:00,09:00,False
PADEL PATIO 1,2025-05-12,9:00,10:00,False
PADEL PATIO 1,2025-05-12,10:00,11:00,False
PADEL PATIO 1,2025-05-12,11:00,12:00,False
PADEL PATIO 1,2025-05-12,12:00,13:00,False
PADEL PATIO 1,2025-05-12,13:00,14:00,False
PADEL PATIO 1,2025-05-12,14:00,15:00,False
PADEL PATIO 1,2025-05-12,15:00,16:00,False
PADEL PATIO 1,2025-05-12,16:00,17:00,False
PADEL PATIO 1,2025-05-12,17:00,18:00,False
PADEL PATIO 1,2025-05-12,18:00,19:00,False
PADEL PATIO 1,2025-05-12,19:00,20:00,False
PADEL PATIO 1,2025-05-12,20:00,21:00,False
PADEL PATIO 1,2025-05-12,21:00,22:00,False
PADEL PATIO 1,2025-05-12,22:00,23:00,False
PADEL PATIO 1,2025-05-12,23:00,0:00,False
PADEL PATIO 2,2025-05-12,5:00,06:00,False
PADEL PATIO 2,2025-05-12,6:00,07:00,False
PADEL PATIO 2,2025-05-12,7:00,08:00,False
PADEL PATIO 2,2025-05-12,8:00,09:00,False
PADEL PATIO 2,2025-05-12,9:00,10:00,False
PADEL PATIO 2,2025-05-12,10:00,11:00,False
PADEL PATIO 2,2025-05-12,11:00,12:00,False
PADEL PATIO 2,2025-05-12,12:00,13:00,False
PADEL PATIO 2,2025-05-12,13:00,14:00,False
PADEL PATIO 2,2025-05-12,14:00,15:00,False
PADEL PATIO 2,2025-05-12,15:00,16:00,False
PADEL PATIO 2,2025-05-12,16:00,17:00,False
PADEL PATIO 2,2025-05-12,17:00,18:00,False
PADEL PATIO 2,2025-05-12,18:00,19:00,False
PADEL PATIO 2,2025-05-12,19:00,20:00,False
PADEL PATIO 2,2025-05-12,20:00,21:00,False
PADEL PATIO 2,2025-05-12,21:00,22:00,False
PADEL PATIO 2,2025-05-12,22:00,23:00,False
PADEL PATIO 2,2025-05-12,23:00,0:00,False
PADEL PATIO 3,2025-05-12,5:00,06:00,False
PADEL PATIO 3,2025-05-12,6:00,07:00,False
PADEL PATIO 3,2025-05-12,7:00,08:00,False
PADEL PATIO 3,2025-05-12,8:00,09:00,False
PADEL PATIO 3,2025-05-12,9:00,10:00,False
PADEL PATIO 3,2025-05-12,10:00,11:00,False
PADEL PATIO 3,2025-05-12,11:00,12:00,False
PADEL PATIO 3,2025-05-12,12:00,13:00,False
PADEL PATIO 3,2025-05-12,13:00,14:00,False
PADEL PATIO 3,2025-05-12,14:00,15:00,False
PADEL PATIO 3,2025-05-12,15:00,16:00,False
PADEL PATIO 3,2025-05-12,16:00,17:00,False
PADEL PATIO 3,2025-05-12,17:00,18:00,False
PADEL PATIO 3,2025-05-12,18:00,19:00,False
PADEL PATIO 3,2025-05-12,19:00,20:00,False
PADEL PATIO 3,2025-05-12,20:00,21:00,False
PADEL PATIO 3,2025-05-12,21:00,22:00,False
PADEL PATIO 3,2025-05-12,22:00,23:00,False
PADEL PATIO 3,2025-05-12,23:00,0:00,False
Z MÁQUINA DE BOLAS PATIO (100 BOLAS INCLUIDAS),2025-05-12,5:00,06:00,False
Z MÁQUINA DE BOLAS PATIO (100 BOLAS INCLUIDAS),2025-05-12,6:00,07:00,False
Z MÁQUINA DE BOLAS PATIO (100 BOLAS INCLUIDAS),2025-05-12,7:00,08:00,False
Z MÁQUINA DE BOLAS PATIO (100 BOLAS INCLUIDAS),2025-05-12,8:00,09:00,False
Z MÁQUINA DE BOLAS PATIO (100 BOLAS INCLUIDAS),2025-05-12,9:00,10:00,False
Z MÁQUINA DE BOLAS PATIO (100 BOLAS INCLUIDAS),2025-05-12,10:00,11:00,False
Z MÁQUINA DE BOLAS PATIO (100 BOLAS INCLUIDAS),2025-05-12,11:00,12:00,False
Z MÁQUINA DE BOLAS PATIO (100 BOLAS INCLUIDAS),2025-05-12,12:00,13:00,False
Z MÁQUINA DE BOLAS PATIO (100 BOLAS INCLUIDAS),2025-05-12,13:00,14:00,False
Z MÁQUINA DE BOLAS PATIO (100 BOLAS INCLUIDAS),2025-05-12,14:00,15:00,False
Z MÁQUINA DE BOLAS PATIO (100 BOLAS INCLUIDAS),2025-05-12,15:00,16:00,False
Z MÁQUINA DE BOLAS PATIO (100 BOLAS INCLUIDAS),2025-05-12,16:00,17:00,False
Z MÁQUINA DE BOLAS PATIO (100 BOLAS INCLUIDAS),2025-05-12,17:00,18:00,False
Z MÁQUINA DE BOLAS PATIO (100 BOLAS INCLUIDAS),2025-05-12,18:00,19:00,False
Z MÁQUINA DE BOLAS PATIO (100 BOLAS INCLUIDAS),2025-05-12,19:00,20:00,False
Z MÁQUINA DE BOLAS PATIO (100 BOLAS INCLUIDAS),2025-05-12,20:00,21:00,False
Z MÁQUINA DE BOLAS PATIO (100 BOLAS INCLUIDAS),2025-05-12,21:00,22:00,False
Z MÁQUINA DE BOLAS PATIO (100 BOLAS INCLUIDAS),2025-05-12,22:00,23:00,False
Z MÁQUINA DE BOLAS PATIO (100 BOLAS INCLUIDAS),2025-05-12,23:00,0:00,False
PADEL PATIO 1,2025-05-13,5:00,06:00,False
PADEL PATIO 1,2025-05-13,6:00,07:00,False
PADEL PATIO 1,2025-05-13,7:00,08:00,False
PADEL PATIO 1,2025-05-13,8:00,09:00,False
PADEL PATIO 1,2025-05-13,9:00,10:00,False
PADEL PATIO 1,2025-05-13,10:00,11:00,False
PADEL PATIO 1,2025-05-13,11:00,12:00,False
PADEL PATIO 1,2025-05-13,12:00,13:00,False
PADEL PATIO 1,2025-05-13,13:00,14:00,False
PADEL PATIO 1,2025-05-13,14:00,15:00,False
PADEL PATIO 1,2025-05-13,15:00,16:00,False
PADEL PATIO 1,2025-05-13,16:00,17:00,False
PADEL PATIO 1,2025-05-13,17:00,18:00,False
PADEL PATIO 1,2025-05-13,18:00,19:00,False
PADEL PATIO 1,2025-05-13,19:00,20:00,False
PADEL PATIO 1,2025-05-13,20:00,21:00,False
PADEL PATIO 1,2025-05-13,21:00,22:00,False
PADEL PATIO 1,2025-05-13,22:00,23:00,False
PADEL PATIO 1,2025-05-13,23:00,0:00,False
PADEL PATIO 2,2025-05-13,5:00,06:00,False
PADEL PATIO 2,2025-05-13,6:00,07:00,False
PADEL PATIO 2,2025-05-13,7:00,08:00,False
PADEL PATIO 2,2025-05-13,8:00,09:00,False
PADEL PATIO 2,2025-05-13,9:00,10:00,False
PADEL PATIO 2,2025-05-13,10:00,11:00,False
PADEL PATIO 2,2025-05-13,11:00,12:00,False
PADEL PATIO 2,2025-05-13,12:00,13:00,False
PADEL PATIO 2,2025-05-13,13:00,14:00,False
PADEL PATIO 2,2025-05-13,14:00,15:00,False
PADEL PATIO 2,2025-05-13,15:00,16:00,False
PADEL PATIO 2,2025-05-13,16:00,17:00,False
PADEL PATIO 2,2025-05-13,17:00,18:00,False
PADEL PATIO 2,2025-05-13,18:00,19:00,False
PADEL PATIO 2,2025-05-13,19:00,20:00,False
PADEL PATIO 2,2025-05-13,20:00,21:00,False
PADEL PATIO 2,2025-05-13,21:00,22:00,False
PADEL PATIO 2,2025-05-13,22:00,23:00,False
PADEL PATIO 2,2025-05-13,23:00,0:00,False
PADEL PATIO 3,2025-05-13,5:00,06:00,False
PADEL PATIO 3,2025-05-13,6:00,07:00,False
PADEL PATIO 3,2025-05-13,7:00,08:00,False
PADEL PATIO 3,2025-05-13,8:00,09:00,False
PADEL PATIO 3,2025-05-13,9:00,10:00,False
PADEL PATIO 3,2025-05-13,10:00,11:00,False
PADEL PATIO 3,2025-05-13,11:00,12:00,False
PADEL PATIO 3,2025-05-13,12:00,13:00,False
PADEL PATIO 3,2025-05-13,13:00,14:00,False
PADEL PATIO 3,2025-05-13,14:00,15:00,False
PADEL PATIO 3,2025-05-13,15:00,16:00,False
PADEL PATIO 3,2025-05-13,16:00,17:00,False
PADEL PATIO 3,2025-05-13,17:00,18:00,False
PADEL PATIO 3,2025-05-13,18:00,19:00,False
PADEL PATIO 3,2025-05-13,19:00,20:00,False
PADEL PATIO 3,2025-05-13,20:00,21:00,False
PADEL PATIO 3,2025-05-13,21:00,22:00,False
PADEL PATIO 3,2025-05-13,22:00,23:00,False
PADEL PATIO 3,2025-05-13,23:00,0:00,False
Z MÁQUINA DE BOLAS PATIO (100 BOLAS INCLUIDAS),2025-05-13,5:00,06:00,False
Z MÁQUINA DE BOLAS PATIO (100 BOLAS INCLUIDAS),2025-05-13,6:00,07:00,False
Z MÁQUINA DE BOLAS PATIO (100 BOLAS INCLUIDAS),2025-05-13,7:00,08:00,False
Z MÁQUINA DE BOLAS PATIO (100 BOLAS INCLUIDAS),2025-05-13,8:00,09:00,False
Z MÁQUINA DE BOLAS PATIO (100 BOLAS INCLUIDAS),2025-05-13,9:00,10:00,False
Z MÁQUINA DE BOLAS PATIO (100 BOLAS INCLUIDAS),2025-05-13,10:00,11:00,False
Z MÁQUINA DE BOLAS PATIO (100 BOLAS INCLUIDAS),2025-05-13,11:00,12:00,False
Z MÁQUINA DE BOLAS PATIO (100 BOLAS INCLUIDAS),2025-05-13,12:00,13:00,False
Z MÁQUINA DE BOLAS PATIO (100 BOLAS INCLUIDAS),2025-05-13,13:00,14:00,False
Z MÁQUINA DE BOLAS PATIO (100 BOLAS INCLUIDAS),2025-05-13,14:00,15:00,False
Z MÁQUINA DE BOLAS PATIO (100 BOLAS INCLUIDAS),2025-05-13,15:00,16:00,False
Z MÁQUINA DE BOLAS PATIO (100 BOLAS INCLUIDAS),2025-05-13,16:00,17:00,False
Z MÁQUINA DE BOLAS PATIO (100 BOLAS INCLUIDAS),2025-05-13,17:00,18:00,False
Z MÁQUINA DE BOLAS PATIO (100 BOLAS INCLUIDAS),2025-05-13,18:00,19:00,False
Z MÁQUINA DE BOLAS PATIO (100 BOLAS INCLUIDAS),2025-05-13,19:00,20:00,False
Z MÁQUINA DE BOLAS PATIO (100 BOLAS INCLUIDAS),2025-05-13,20:00,21:00,False
Z MÁQUINA DE BOLAS PATIO (100 BOLAS INCLUIDAS),2025-05-13,21:00,22:00,False
Z MÁQUINA DE BOLAS PATIO (100 BOLAS INCLUIDAS),2025-05-13,22:00,23:00,False
Z MÁQUINA DE BOLAS PATIO (100 BOLAS INCLUIDAS),2025-05-13,23:00,0:00,False
PADEL PATIO 1,2025-05-14,5:00,06:00,False
PADEL PATIO 1,2025-05-14,6:00,07:00,False
PADEL PATIO 1,2025-05-14,7:00,08:00,False
PADEL PATIO 1,2025-05-14,8:00,09:00,False
PADEL PATIO 1,2025-05-14,9:00,10:00,False
PADEL PATIO 1,2025-05-14,10:00,11:00,False
PADEL PATIO 1,2025-05-14,11:00,12:00,False
PADEL PATIO 1,2025-05-14,12:00,13:00,False
PADEL PATIO 1,2025-05-14,13:00,14:00,False
PADEL PATIO 1,2025-05-14,14:00,15:00,False
PADEL PATIO 1,2025-05-14,15:00,16:00,False
PADEL PATIO 1,2025-05-14,16:00,17:00,False
PADEL PATIO 1,2025-05-14,17:00,18:00,False
PADEL PATIO 1,2025-05-14,18:00,19:00,False
PADEL PATIO 1,2025-05-14,19:00,20:00,False
PADEL PATIO 1,2025-05-14,20:00,21:00,False
PADEL PATIO 1,2025-05-14,21:00,22:00,False
PADEL PATIO 1,2025-05-14,22:00,23:00,False
PADEL PATIO 1,2025-05-14,23:00,0:00,False
PADEL PATIO 2,2025-05-14,5:00,06:00,False
PADEL PATIO 2,2025-05-14,6:00,07:00,False
PADEL PATIO 2,2025-05-14,7:00,08:00,False
PADEL PATIO 2,2025-05-14,8:00,09:00,False
PADEL PATIO 2,2025-05-14,9:00,10:00,False
PADEL PATIO 2,2025-05-14,10:00,11:00,False
PADEL PATIO 2,2025-05-14,11:00,12:00,False
PADEL PATIO 2,2025-05-14,12:00,13:00,False
PADEL PATIO 2,2025-05-14,13:00,14:00,False
PADEL PATIO 2,2025-05-14,14:00,15:00,False
PADEL PATIO 2,2025-05-14,15:00,16:00,False
PADEL PATIO 2,2025-05-14,16:00,17:00,False
PADEL PATIO 2,2025-05-14,17:00,18:00,False
PADEL PATIO 2,2025-05-14,18:00,19:00,False
PADEL PATIO 2,2025-05-14,19:00,20:00,False
PADEL PATIO 2,2025-05-14,20:00,21:00,False
PADEL PATIO 2,2025-05-14,21:00,22:00,False
PADEL PATIO 2,2025-05-14,22:00,23:00,False
PADEL PATIO 2,2025-05-14,23:00,0:00,False
PADEL PATIO 3,2025-05-14,5:00,06:00,False
PADEL PATIO 3,2025-05-14,6:00,07:00,False
PADEL PATIO 3,2025-05-14,7:00,08:00,False
PADEL PATIO 3,2025-05-14,8:00,09:00,False
PADEL PATIO 3,2025-05-14,9:00,10:00,False
PADEL PATIO 3,2025-05-14,10:00,11:00,False
PADEL PATIO 3,2025-05-14,11:00,12:00,False
PADEL PATIO 3,2025-05-14,12:00,13:00,False
PADEL PATIO 3,2025-05-14,13:00,14:00,False
PADEL PATIO 3,2025-05-14,14:00,15:00,False
PADEL PATIO 3,2025-05-14,15:00,16:00,False
PADEL PATIO 3,2025-05-14,16:00,17:00,False
PADEL PATIO 3,2025-05-14,17:00,18:00,False
PADEL PATIO 3,2025-05-14,18:00,19:00,False
PADEL PATIO 3,2025-05-14,19:00,20:00,False
PADEL PATIO 3,2025-05-14,20:00,21:00,False
PADEL PATIO 3,2025-05-14,21:00,22:00,False
PADEL PATIO 3,2025-05-14,22:00,23:00,False
PADEL PATIO 3,2025-05-14,23:00,0:00,False
Z MÁQUINA DE BOLAS PATIO (100 BOLAS INCLUIDAS),2025-05-14,5:00,06:00,False
Z MÁQUINA DE BOLAS PATIO (100 BOLAS INCLUIDAS),2025-05-14,6:00,07:00,False
Z MÁQUINA DE BOLAS PATIO (100 BOLAS INCLUIDAS),2025-05-14,7:00,08:00,False
Z MÁQUINA DE BOLAS PATIO (100 BOLAS INCLUIDAS),2025-05-14,8:00,09:00,False
Z MÁQUINA DE BOLAS PATIO (100 BOLAS INCLUIDAS),2025-05-14,9:00,10:00,False
Z MÁQUINA DE BOLAS PATIO (100 BOLAS INCLUIDAS),2025-05-14,10:00,11:00,False
Z MÁQUINA DE BOLAS PATIO (100 BOLAS INCLUIDAS),2025-05-14,11:00,12:00,False
Z MÁQUINA DE BOLAS PATIO (100 BOLAS INCLUIDAS),2025-05-14,12:00,13:00,False
Z MÁQUINA DE BOLAS PATIO (100 BOLAS INCLUIDAS),2025-05-14,13:00,14:00,False
Z MÁQUINA DE BOLAS PATIO (100 BOLAS INCLUIDAS),2025-05-14,14:00,15:00,False
Z MÁQUINA DE BOLAS PATIO (100 BOLAS INCLUIDAS),2025-05-14,15:00,16:00,False
Z MÁQUINA DE BOLAS PATIO (100 BOLAS INCLUIDAS),2025-05-14,16:00,17:00,False
Z MÁQUINA DE BOLAS PATIO (100 BOLAS INCLUIDAS),2025-05-14,17:00,18:00,False
Z MÁQUINA DE BOLAS PATIO (100 BOLAS INCLUIDAS),2025-05-14,18:00,19:00,False
Z MÁQUINA DE BOLAS PATIO (100 BOLAS INCLUIDAS),2025-05-14,19:00,20:00,False
Z MÁQUINA DE BOLAS PATIO (100 BOLAS INCLUIDAS),2025-05-14,20:00,21:00,False
Z MÁQUINA DE BOLAS PATIO (100 BOLAS INCLUIDAS),2025-05-14,21:00,22:00,False
Z MÁQUINA DE BOLAS PATIO (100 BOLAS INCLUIDAS),2025-05-14,22:00,23:00,False
Z MÁQUINA DE BOLAS PATIO (100 BOLAS INCLUIDAS),2025-05-14,23:00,0:00,False
PADEL PATIO 1,2025-05-15,5:00,06:00,False
PADEL PATIO 1,2025-05-15,6:00,07:00,False
PADEL PATIO 1,2025-05-15,7:00,08:00,False
PADEL PATIO 1,2025-05-15,8:00,09:00,False
PADEL PATIO 1,2025-05-15,9:00,10:00,False
PADEL PATIO 1,2025-05-15,10:00,11:00,False
PADEL PATIO 1,2025-05-15,11:00,12:00,False
PADEL PATIO 1,2025-05-15,12:00,13:00,False
PADEL PATIO 1,2025-05-15,13:00,14:00,False
PADEL PATIO 1,2025-05-15,14:00,15:00,False
PADEL PATIO 1,2025-05-15,15:00,16:00,False
PADEL PATIO 1,2025-05-15,16:00,17:00,False
PADEL PATIO 1,2025-05-15,17:00,18:00,False
PADEL PATIO 1,2025-05-15,18:00,19:00,False
PADEL PATIO 1,2025-05-15,19:00,20:00,False
PADEL PATIO 1,2025-05-15,20:00,21:00,False
PADEL PATIO 1,2025-05-15,21:00,22:00,False
PADEL PATIO 1,2025-05-15,22:00,23:00,False
PADEL PATIO 1,2025-05-15,23:00,0:00,False
PADEL PATIO 2,2025-05-15,5:00,06:00,False
PADEL PATIO 2,2025-05-15,6:00,07:00,False
PADEL PATIO 2,2025-05-15,7:00,08:00,False
PADEL PATIO 2,2025-05-15,8:00,09:00,False
PADEL PATIO 2,2025-05-15,9:00,10:00,False
PADEL PATIO 2,2025-05-15,10:00,11:00,False
PADEL PATIO 2,2025-05-15,11:00,12:00,False
PADEL PATIO 2,2025-05-15,12:00,13:00,False
PADEL PATIO 2,2025-05-15,13:00,14:00,False
PADEL PATIO 2,2025-05-15,14:00,15:00,False
PADEL PATIO 2,2025-05-15,15:00,16:00,False
PADEL PATIO 2,2025-05-15,16:00,17:00,False
PADEL PATIO 2,2025-05-15,17:00,18:00,False
PADEL PATIO 2,2025-05-15,18:00,19:00,False
PADEL PATIO 2,2025-05-15,19:00,20:00,False
PADEL PATIO 2,2025-05-15,20:00,21:00,False
PADEL PATIO 2,2025-05-15,21:00,22:00,False
PADEL PATIO 2,2025-05-15,22:00,23:00,False
PADEL PATIO 2,2025-05-15,23:00,0:00,False
PADEL PATIO 3,2025-05-15,5:00,06:00,False
PADEL PATIO 3,2025-05-15,6:00,07:00,False
PADEL PATIO 3,2025-05-15,7:00,08:00,False
PADEL PATIO 3,2025-05-15,8:00,09:00,False
PADEL PATIO 3,2025-05-15,9:00,10:00,False
PADEL PATIO 3,2025-05-15,10:00,11:00,False
PADEL PATIO 3,2025-05-15,11:00,12:00,False
PADEL PATIO 3,2025-05-15,12:00,13:00,False
PADEL PATIO 3,2025-05-15,13:00,14:00,False
PADEL PATIO 3,2025-05-15,14:00,15:00,False
PADEL PATIO 3,2025-05-15,15:00,16:00,False
PADEL PATIO 3,2025-05-15,16:00,17:00,False
PADEL PATIO 3,2025-05-15,17:00,18:00,False
PADEL PATIO 3,2025-05-15,18:00,19:00,False
PADEL PATIO 3,2025-05-15,19:00,20:00,False
PADEL PATIO 3,2025-05-15,20:00,21:00,False
PADEL PATIO 3,2025-05-15,21:00,22:00,False
PADEL PATIO 3,2025-05-15,22:00,23:00,False
PADEL PATIO 3,2025-05-15,23:00,0:00,False
Z MÁQUINA DE BOLAS PATIO (100 BOLAS INCLUIDAS),2025-05-15,5:00,06:00,False
Z MÁQUINA DE BOLAS PATIO (100 BOLAS INCLUIDAS),2025-05-15,6:00,07:00,False
Z MÁQUINA DE BOLAS PATIO (100 BOLAS INCLUIDAS),2025-05-15,7:00,08:00,False
Z MÁQUINA DE BOLAS PATIO (100 BOLAS INCLUIDAS),2025-05-15,8:00,09:00,False
Z MÁQUINA DE BOLAS PATIO (100 BOLAS INCLUIDAS),2025-05-15,9:00,10:00,False
Z MÁQUINA DE BOLAS PATIO (100 BOLAS INCLUIDAS),2025-05-15,10:00,11:00,False
Z MÁQUINA DE BOLAS PATIO (100 BOLAS INCLUIDAS),2025-05-15,11:00,12:00,False
Z MÁQUINA DE BOLAS PATIO (100 BOLAS INCLUIDAS),2025-05-15,12:00,13:00,False
Z MÁQUINA DE BOLAS PATIO (100 BOLAS INCLUIDAS),2025-05-15,13:00,14:00,False
Z MÁQUINA DE BOLAS PATIO (100 BOLAS INCLUIDAS),2025-05-15,14:00,15:00,False
Z MÁQUINA DE BOLAS PATIO (100 BOLAS INCLUIDAS),2025-05-15,15:00,16:00,False
Z MÁQUINA DE BOLAS PATIO (100 BOLAS INCLUIDAS),2025-05-15,16:00,17:00,False
Z MÁQUINA DE BOLAS PATIO (100 BOLAS INCLUIDAS),2025-05-15,17:00,18:00,False
Z MÁQUINA DE BOLAS PATIO (100 BOLAS INCLUIDAS),2025-05-15,18:00,19:00,False
Z MÁQUINA DE BOLAS PATIO (100 BOLAS INCLUIDAS),2025-05-15,19:00,20:00,False
Z MÁQUINA DE BOLAS PATIO (100 BOLAS INCLUIDAS),2025-05-15,20:00,21:00,False
Z MÁQUINA DE BOLAS PATIO (100 BOLAS INCLUIDAS),2025-05-15,21:00,22:00,False
Z MÁQUINA DE BOLAS PATIO (100 BOLAS INCLUIDAS),2025-05-15,22:00,23:00,False
Z MÁQUINA DE BOLAS PATIO (100 BOLAS INCLUIDAS),2025-05-15,23:00,0:00,False
PADEL PATIO 1,2025-05-16,5:00,06:00,False
PADEL PATIO 1,2025-05-16,6:00,07:00,False
PADEL PATIO 1,2025-05-16,7:00,08:00,False
PADEL PATIO 1,2025-05-16,8:00,09:00,False
PADEL PATIO 1,2025-05-16,9:00,10:00,False
PADEL PATIO 1,2025-05-16,10:00,11:00,False
PADEL PATIO 1,2025-05-16,11:00,12:00,False
PADEL PATIO 1,2025-05-16,12:00,13:00,False
PADEL PATIO 1,2025-05-16,13:00,14:00,False
PADEL PATIO 1,2025-05-16,14:00,15:00,False
PADEL PATIO 1,2025-05-16,15:00,16:00,False
PADEL PATIO 1,2025-05-16,16:00,17:00,False
PADEL PATIO 1,2025-05-16,17:00,17:30,True
PADEL PATIO 1,2025-05-16,17:30,18:00,True
PADEL PATIO 1,2025-05-16,18:00,18:30,True
PADEL PATIO 1,2025-05-16,18:30,19:00,True
PADEL PATIO 1,2025-05-16,19:00,20:00,False
PADEL PATIO 1,2025-05-16,20:00,21:00,False
PADEL PATIO 1,2025-05-16,21:00,22:00,False
PADEL PATIO 1,2025-05-16,22:00,23:00,False
PADEL PATIO 1,2025-05-16,23:00,0:00,False
PADEL PATIO 2,2025-05-16,5:00,06:00,False
PADEL PATIO 2,2025-05-16,6:00,07:00,False
PADEL PATIO 2,2025-05-16,7:00,08:00,False
PADEL PATIO 2,2025-05-16,8:00,09:00,False
PADEL PATIO 2,2025-05-16,9:00,10:00,False
PADEL PATIO 2,2025-05-16,10:00,11:00,False
PADEL PATIO 2,2025-05-16,11:00,12:00,False
PADEL PATIO 2,2025-05-16,12:00,13:00,False
PADEL PATIO 2,2025-05-16,13:00,14:00,False
PADEL PATIO 2,2025-05-16,14:00,15:00,False
PADEL PATIO 2,2025-05-16,15:00,16:00,False
PADEL PATIO 2,2025-05-16,16:00,17:00,False
PADEL PATIO 2,2025-05-16,17:00,18:00,False
PADEL PATIO 2,2025-05-16,18:00,19:00,False
PADEL PATIO 2,2025-05-16,19:00,20:00,False
PADEL PATIO 2,2025-05-16,20:00,21:00,False
PADEL PATIO 2,2025-05-16,21:00,22:00,False
PADEL PATIO 2,2025-05-16,22:00,23:00,False
PADEL PATIO 2,2025-05-16,23:00,0:00,False
PADEL PATIO 3,2025-05-16,5:00,06:00,False
PADEL PATIO 3,2025-05-16,6:00,07:00,False
PADEL PATIO 3,2025-05-16,7:00,08:00,False
PADEL PATIO 3,2025-05-16,8:00,09:00,False
PADEL PATIO 3,2025-05-16,9:00,10:00,False
PADEL PATIO 3,2025-05-16,10:00,11:00,False
PADEL PATIO 3,2025-05-16,11:00,12:00,False
PADEL PATIO 3,2025-05-16,12:00,13:00,False
PADEL PATIO 3,2025-05-16,13:00,14:00,False
PADEL PATIO 3,2025-05-16,14:00,15:00,False
PADEL PATIO 3,2025-05-16,15:00,16:00,False
PADEL PATIO 3,2025-05-16,16:00,17:00,False
PADEL PATIO 3,2025-05-16,17:00,18:00,False
PADEL PATIO 3,2025-05-16,18:00,19:00,False
PADEL PATIO 3,2025-05-16,19:00,20:00,False
PADEL PATIO 3,2025-05-16,20:00,21:00,False
PADEL PATIO 3,2025-05-16,21:00,22:00,False
PADEL PATIO 3,2025-05-16,22:00,23:00,False
PADEL PATIO 3,2025-05-16,23:00,0:00,False
Z MÁQUINA DE BOLAS PATIO (100 BOLAS INCLUIDAS),2025-05-16,5:00,06:00,False
Z MÁQUINA DE BOLAS PATIO (100 BOLAS INCLUIDAS),2025-05-16,6:00,07:00,False
Z MÁQUINA DE BOLAS PATIO (100 BOLAS INCLUIDAS),2025-05-16,7:00,08:00,False
Z MÁQUINA DE BOLAS PATIO (100 BOLAS INCLUIDAS),2025-05-16,8:00,09:00,False
Z MÁQUINA DE BOLAS PATIO (100 BOLAS INCLUIDAS),2025-05-16,9:00,10:00,False
Z MÁQUINA DE BOLAS PATIO (100 BOLAS INCLUIDAS),2025-05-16,10:00,11:00,False
Z MÁQUINA DE BOLAS PATIO (100 BOLAS INCLUIDAS),2025-05-16,11:00,12:00,False
Z MÁQUINA DE BOLAS PATIO (100 BOLAS INCLUIDAS),2025-05-16,12:00,13:00,False
Z MÁQUINA DE BOLAS PATIO (100 BOLAS INCLUIDAS),2025-05-16,13:00,14:00,False
Z MÁQUINA DE BOLAS PATIO (100 BOLAS INCLUIDAS),2025-05-16,14:00,15:00,False
Z MÁQUINA DE BOLAS PATIO (100 BOLAS INCLUIDAS),2025-05-16,15:00,16:00,False
Z MÁQUINA DE BOLAS PATIO (100 BOLAS INCLUIDAS),2025-05-16,16:00,17:00,False
Z MÁQUINA DE BOLAS PATIO (100 BOLAS INCLUIDAS),2025-05-16,17:00,18:00,False
Z MÁQUINA DE BOLAS PATIO (100 BOLAS INCLUIDAS),2025-05-16,18:00,19:00,False
Z MÁQUINA DE BOLAS PATIO (100 BOLAS INCLUIDAS),2025-05-16,19:00,20:00,False
Z MÁQUINA DE BOLAS PATIO (100 BOLAS INCLUIDAS),2025-05-16,20:00,21:00,False
Z MÁQUINA DE BOLAS PATIO (100 BOLAS INCLUIDAS),2025-05-16,21:00,22:00,False
Z MÁQUINA DE BOLAS PATIO (100 BOLAS INCLUIDAS),2025-05-16,22:00,23:00,False
Z MÁQUINA DE BOLAS PATIO (100 BOLAS INCLUIDAS),2025-05-16,23:00,0:00,False
